"Botuverá Cave, Brazil 90KYr Stalagmite Stable Isotope Data",,,,,,,,,,
-----------------------------------------------------------------------,,,,,,,,,,
"               World Data Center for Paleoclimatology, Boulder",,,,,,,,,,
                                  and,,,,,,,,,,
                     NOAA Paleoclimatology Program,,,,,,,,,,
-----------------------------------------------------------------------,,,,,,,,,,
NOTE: PLEASE CITE ORIGINAL REFERENCE WHEN USING THIS DATA!!!!!,,,,,,,,,,
,,,,,,,,,,
,,,,,,,,,,
NAME OF DATA SET: ,,,,,,,,,,
"Botuverá Cave, Brazil 90KYr Stalagmite Stable Isotope Data",,,,,,,,,,
,,,,,,,,,,
LAST UPDATE: 11/2009 (Original receipt by WDC Paleo) ,,,,,,,,,,
"CONTRIBUTOR: Xianfeng Wang, Lamont-Doherty Earth Observatory,",,,,,,,,,,
Columbia University ,,,,,,,,,,
IGBP PAGES/WDCA CONTRIBUTION SERIES NUMBER: 2009-124 ,,,,,,,,,,
,,,,,,,,,,
WDC PALEO CONTRIBUTION SERIES CITATION: ,,,,,,,,,,
"Wang, X., et al. 2009. ",,,,,,,,,,
"Botuverá Cave, Brazil 90KYr Stalagmite Stable Isotope Data. ",,,,,,,,,,
IGBP PAGES/World Data Center for Paleoclimatology ,,,,,,,,,,
Data Contribution Series # 2009-124. ,,,,,,,,,,
"NOAA/NCDC Paleoclimatology Program, Boulder CO, USA.",,,,,,,,,,
,,,,,,,,,,
,,,,,,,,,,
ORIGINAL REFERENCE: ,,,,,,,,,,
"Wang, X., A.S. Auler, R.L. Edwards, H. Cheng, E. Ito, ",,,,,,,,,,
"Y. Wang, X. Kong, and M. Solheid. 2007. ",,,,,,,,,,
Millennial-scale precipitation changes in southern Brazil ,,,,,,,,,,
"over the past 90,000 years. ",,,,,,,,,,
"Geophys. Res. Lett., 34, L23701, doi:10.1029/2007GL031149.",,,,,,,,,,
,,,,,,,,,,
ABSTRACT: ,,,,,,,,,,
"A U-Th dated 90,000 year-long speleothem oxygen isotope record ",,,,,,,,,,
from southern Brazil anti-correlates remarkably with the cave ,,,,,,,,,,
"calcite records from eastern China, but positively correlates ",,,,,,,,,,
"with the speleothem record from northeastern Brazil, suggesting ",,,,,,,,,,
an interhemispheric anti-phasing of rainfall on both millennial ,,,,,,,,,,
"and orbital timescales, likely related to displacement in the ",,,,,,,,,,
mean position of the intertropical convergence zone and,,,,,,,,,,
associated asymmetry in Hadley circulation. The phase ,,,,,,,,,,
relationships among these records are consistent with the,,,,,,,,,,
hypothesis that abrupt climate events during the last glacial,,,,,,,,,,
period are triggered by oceanic circulation changes in the,,,,,,,,,,
high latitudes and enhanced by tropical feedbacks.,,,,,,,,,,
,,,,,,,,,,
,,,,,,,,,,
GEOGRAPHIC REGION: Southern Brazil,,,,,,,,,,
PERIOD OF RECORD: 90 KYrBP - present,,,,,,,,,,
,,,,,,,,,,
FUNDING SOURCES: ,,,,,,,,,,
"US National Science Foundation (NSF) Grants ESH0214041, ",,,,,,,,,,
"ESH0502535, and MRI0116395 (to R.L.E.), Gary Comer Science ",,,,,,,,,,
"and Education Foundation Grant CC8 (to R.L.E.), CNPq grant ",,,,,,,,,,
"540064/01-7 of Brazil (to A.S.A.), and GSA research grants",,,,,,,,,,
7830-04 and 8163-05 (to X.W.),,,,,,,,,,
,,,,,,,,,,
,,,,,,,,,,
DESCRIPTION:  ,,,,,,,,,,
"90 KYr speleothem stable isotope record from stalagmite BTV3A, ",,,,,,,,,,
"Botuverá Cave, southern Brazil. BTV3A is 24cm long, dated by ",,,,,,,,,,
"16 U-Th samples, and grew continuously for the last 90kyr ",,,,,,,,,,
with no detectable hiatuses.,,,,,,,,,,
,,,,,,,,,,
"Botuverá Cave: 27°13'S, 49°09'W, 250m asl. ",,,,,,,,,,
,,,,,,,,,,
,,,,,,,,,,
,,,,,,,,,,
DATA:,,,,,,,,,,
1. U-Th ages.,,,,,,,,,,
  ,,,,,,,,,,
Sample ID        Weight   238U   238Uerr. 232Th  232Therr. d234U    d234U 230Th/238U  230Th/238U  Age(ky)    Age(ky)  Age(ky) Age(ky)  d234Uinit.  d234Uinitial ,,,,,,,,,,
                    (g)   (ppb)    (ppb)  (ppt)    (ppt)  measured  error  activity    error      Uncorr.    Err.      Corr. Corr.Err.   corr.     corr.error,,,,,,,,,,
BTV3A-5mm        0.2337  1550.3     3.8    4872      23    2756       6     0.0445     0.0003       1.3      0.01      1.28    0.01      2766       6,,,,,,,,,,
BTV3A-22mm       0.1204   466.5     0.7    2511      39    2647       4     0.1624     0.0011      4.95      0.04      4.91    0.04      2684       4,,,,,,,,,,
BTV3A-30mm       0.1633    1888     3.6    3346      32    2541       5     0.2521     0.0013         8      0.04      7.99    0.04      2599       5  ,,,,,,,,,,
BTV3A-35mm       0.1719    98.8     0.2    1632      28    2546       8     0.2764     0.0028      8.78      0.09      8.65    0.11      2609       8,,,,,,,,,,
BTV3A-45mm       0.1685    85.3     0.2     743      28    2623       9     0.3881     0.0034     12.21      0.12     12.15    0.12      2715       9,,,,,,,,,,
BTV3A-55mm       0.2128    66.2     0.2     955      22    2739      12     0.5278     0.0041     16.32      0.14     16.21    0.15      2867      13,,,,,,,,,,
BTV3A-65mm       0.1267    65.9     0.2    1296      37    2729      11      0.682     0.0058     21.53      0.21     21.39    0.22      2899      12,,,,,,,,,,
BTV3A-79mm        0.167  1943.5     3.4    2202      29    2684       5     0.8633     0.0037     28.23      0.14     28.22    0.14      2907       5,,,,,,,,,,
BTV3A-94mm       0.2073  1613.7     2.4     900      23    2562       3     0.9416     0.0033     32.31      0.13     32.31    0.13      2807       4,,,,,,,,,,
BTV3A-115mm      0.0983  1525.9     2.6     740      47    2377       3     1.0145      0.004     37.38      0.17     37.37    0.17      2642       4,,,,,,,,,,
BTV3A-135mm      0.1062   822.9     1.3     174      44    2455       4     1.1995     0.0041     44.19      0.19     44.18    0.19      2782       5,,,,,,,,,,
BTV3A-148mm      0.1989  1248.3     1.9     401      23    2506       4     1.5467     0.0053     58.98      0.27     58.97    0.27      2960       5,,,,,,,,,,
BTV3A-175mm      0.0923   915.5     1.6     244      50    2765       5     1.8621     0.0061     67.97      0.31     67.97    0.31      3351       7,,,,,,,,,,
BTV3A-195mm      0.1175    1472     2.4     726      40    2234       4     1.7161     0.0056     74.88      0.34     74.88    0.34      2760       5,,,,,,,,,,
BTV3A-211mm      0.2075    1336     2.1     296      22    2072       4     1.7163     0.0058     80.36      0.39     80.36    0.39      2601       6,,,,,,,,,,
BTV3A-230mm      0.2411    31.8     0.1      36      19    2143      10     1.8524     0.0157     86.37      1.09     86.36    1.09      2736      15,,,,,,,,,,
,,,,,,,,,,
,,,,,,,,,,
2. Stable isotope data,,,,,,,,,,
,,,,,,,,,,
"Column 1: Depth, mm.",,,,,,,,,,
"Column 2: Age, KYr BP",,,,,,,,,,
"Column 3: d18O, per mil, VPDB",,,,,,,,,,
"Column 4: d13C, per mil, VPDB",,,,,,,,,,
,,,,,,,,,,
Depth,Age,,d18O,d13C,,Depth,Age,adjusted age,d13C,d18O
1,0.42,420,-3.35,-3.29,,0,0,3.3,-6.16,-3.05
2,0.64,640,-3.35,-3.26,,1,120,3.402,-6.28,-2.65
3,0.85,850,-3.51,-3.59,,2,241,3.50485,-6.2,-2.52
4,1.06,1060,-3.37,-3.96,,3,361,3.60685,-6.42,-2.62
5,1.28,1280,-3.44,-4.23,,4,482,3.7097,-6.46,-3.23
6,1.49,1490,-3.07,-3.5,,5,602,3.8117,-6.3,-3.12
7,1.7,1700,-3.31,-3.67,,6,723,3.91455,-6.64,-3.03
8,1.92,1920,-3.26,-3.8,,7,963,4.11855,-6.78,-3.49
9,2.13,2130,-3.3,-4.02,,8,1084,4.2214,-6.29,-2.77
10,2.34,2340,-3.17,-4.03,,9,1204,4.3234,-6.36,-2.92
11,2.56,2560,-3.42,-3.79,,10,1325,4.42625,-5.95,-2.75
12,2.77,2770,-2.93,-3.52,,11,1445,4.52825,-5.78,-2.38
13,2.98,2980,-3.29,-3.87,,12,1565,4.63025,-6.15,-2.78
14,3.2,3200,-3.09,-3.91,,13,1686,4.7331,-6.1,-2.69
15,3.41,3410,-2.66,-3.5,,14,1806,4.8351,-6.35,-2.72
16,3.62,3620,-3.01,-4.06,,15,1927,4.93795,-6.34,-2.89
17,3.84,3840,-3.47,-4.04,,16,2047,5.03995,-6.23,-2.95
18,4.05,4050,-2.91,-3.87,,17,2168,5.1428,-6.3,-2.8
19,4.27,4270,-2.78,-3.75,,18,2288,5.2448,-5.98,-2.48
20,4.48,4480,-2.53,-3.45,,19,2422,5.3587,-6.32,-3.18
21,4.69,4690,-2.63,-5.1,,20,2559,5.47515,-6.19,-3.01
22,4.91,4910,-2.75,-3.91,,21,2695,5.59075,-6.16,-2.66
23,5.29,5290,-2.55,-3.41,,22,2831,5.70635,-6.09,-2.87
24,5.68,5680,-2.41,-3.53,,23,2967,5.82195,-5.44,-2.98
25,6.06,6060,-2.26,-4.12,,24,3103,5.93755,-6.53,-2.86
26,6.45,6450,-2.18,-3.83,,25,3239,6.05315,-6.34,-3.22
27,6.83,6830,-1.87,-3.89,,26,3375,6.16875,-6.29,-2.56
28,7.22,7220,-2.15,-3.87,,27,3511,6.28435,-6.16,-3.74
29,7.6,7600,-2.1,-3.76,,28,3647,6.39995,-5.63,-2.17
30,7.99,7990,-2.12,-4,,29,3783,6.51555,-6.56,-3.28
31,8.12,8120,-2.22,-4.1,,30,3919,6.63115,-6.17,-2.83
32,8.25,8250,-1.85,-3.81,,31,4055,6.74675,-6.4,-2.99
33,8.38,8380,-2.02,-3.92,,32,4191,6.86235,-6.5,-2.87
34,8.52,8520,-2.22,-5.93,,33,4327,6.97795,-6.67,-3.01
35,8.65,8650,-2.05,-5.83,,34,4463,7.09355,-6.44,-2.56
36,9,9000,-1.84,-5.56,,35,4599,7.20915,-6.55,-2.99
37,9.35,9350,-1.83,-5.52,,36,4735,7.32475,-6.11,-2.85
38,9.7,9700,-2,-5.65,,37,4871,7.44035,-6.17,-2.78
39,10.05,10050,-2.08,-5.58,,38,5007,7.55595,-6.05,-2.52
40,10.4,10400,-2.11,-5.39,,39,5144,7.6724,-6.16,-3.6
41,10.75,10750,-2.42,-5.9,,40,5280,7.788,-5.34,-3.68
42,11.1,11100,-2.02,-5.99,,41,5416,7.9036,-5.86,-2.87
43,11.45,11450,-2.31,-6.13,,42,5552,8.0192,-5.37,-2.87
44,11.8,11800,-3.14,-5.92,,43,5688,8.1348,-5.23,-2.9
45,12.15,12150,-3.76,-5.52,,44,5824,8.2504,-5.39,-2.67
46,12.55,12550,-3.65,-5.28,,45,5960,8.366,-5.59,-3.07
47,12.96,12960,-2.55,-5.74,,46,6096,8.4816,-5.29,-3.09
48,13.37,13370,-2.39,-6.12,,47,6232,8.5972,-5.54,-2.35
49,13.77,13770,-2.76,-5.91,,48,6348,8.6958,-6,-2.79
50,14.18,14180,-2.67,-6,,49,6446,8.7791,-5.9,-2.49
51,14.59,14590,-2.89,-6.6,,50,6543,8.86155,-5.82,-2.71
52,14.99,14990,-4.17,-6.49,,51,6640,8.944,-5.89,-2.49
53,15.4,15400,-4.65,-6.13,,52,6737,9.02645,-5.89,-2.8
54,15.81,15810,-4.71,-6.08,,53,6835,9.10975,-5.87,-2.31
55,16.21,16210,-4.59,-5.98,,54,6932,9.1922,-5.93,-2.75
56,16.73,16730,-4.8,-5.78,,55,7029,9.27465,-5.62,-2.05
57,17.25,17250,-4.57,-5.51,,56,7126,9.3571,-5.74,-2.42
58,17.77,17770,-4.52,-4.9,,57,7223,9.43955,-5.83,-2.32
59,18.28,18280,-4.39,-4.48,,58,7321,9.52285,-5.85,-2.19
60,18.8,18800,-3.78,-4.32,,59,7418,9.6053,-6.01,-2.79
61,19.32,19320,-3.95,-4.3,,60,7515,9.68775,-5.64,-1.57
62,19.84,19840,-4.03,-4.12,,61,7612,9.7702,-5.99,-2.37
63,20.35,20350,-3.95,-4.26,,62,7710,9.8535,-6.14,-1.68
64,20.87,20870,-3.61,-4.11,,63,7807,9.93595,-5.58,-1.51
65,21.39,21390,-3.49,-3.79,,64,7904,10.0184,-5.93,-2.06
66,21.88,21880,-3.88,-4.01,,65,8001,10.10085,-5.67,-2.83
67,22.36,22360,-3.78,-3.88,,66,8098,10.1833,-6.1,-2
68,22.85,22850,-3.6,-4,,67,8196,10.2666,-5.23,-1.27
69,23.34,23340,-3.37,-4.28,,68,8293,10.34905,-6,-1.84
70,23.83,23830,-3.38,-4.36,,69,8390,10.4315,-5.85,-2.05
71,24.32,24320,-3.5,-4.07,,70,8487,10.51395,-6.27,-1.71
72,24.81,24810,-3.33,-3.98,,71,8584,10.5964,-5.99,-1.53
73,25.29,25290,-3.55,-3.98,,72,8682,10.6797,-5.66,-1.65
74,25.78,25780,-3.58,-3.89,,73,8779,10.76215,-5.55,-1.82
75,26.27,26270,-3.05,-3.7,,74,8876,10.8446,-5.99,-2.15
76,26.76,26760,-2.16,-1.04,,75,8973,10.92705,-6.24,-2.92
77,27.25,27250,-2.55,-1.81,,76,9071,11.01035,-5.74,-1.99
78,27.74,27740,-2.66,-1.31,,77,9163,11.08855,-5.92,-1.74
79,28.22,28220,-2.71,-1.67,,78,9252,11.1642,-5.32,-2.13
80,28.5,28500,-2.92,-1.78,,79,9342,11.2407,-5.4,-2.05
81,28.77,28770,-2.71,-1.43,,80,9431,11.31635,-5.2,-1.52
82,29.04,29040,-2.5,-1.71,,81,9521,11.39285,-5.6,-2.08
83,29.31,29310,-2.9,-1.56,,82,9610,11.4685,-5.18,-2
84,29.59,29590,-3.17,-1.92,,83,9700,11.545,-5.74,-2.29
85,29.86,29860,-3.18,-1.33,,84,9789,11.62065,-6.02,-2.25
86,30.13,30130,-3.26,-1.83,,85,9879,11.69715,-6.26,-1.89
87,30.4,30400,-3.14,-1.5,,86,9968,11.7728,-5.88,-2.16
88,30.67,30670,-2.29,-1.19,,87,10058,11.8493,-6.23,-2.19
89,30.95,30950,-1.54,-1.22,,88,10147,11.92495,-6.18,-2.32
90,31.22,31220,-2.12,-1.73,,89,10237,12.00145,-6.09,-1.98
91,31.49,31490,-1.85,-1.62,,90,10326,12.0771,-5.75,-2.75
92,31.76,31760,-1.56,-1.12,,91,10416,12.1536,-5.72,-3.15
93,32.04,32040,-1.81,-1.4,,92,10506,12.2301,-5.64,-3.37
94,32.31,32310,-1.49,-0.95,,93,10595,12.30575,-5.67,-3.64
95,32.55,32550,-1.5,-1.78,,94,10685,12.38225,-5.71,-3.53
96,32.79,32790,-2.1,-1.42,,95,10774,12.4579,-5.68,-3.41
97,33.03,33030,-2.36,-1.64,,96,10864,12.5344,-5.27,-2.99
98,33.27,33270,-2.07,-0.98,,97,10953,12.61005,-5.19,-3.33
99,33.51,33510,-1.55,-1.29,,98,11043,12.68655,-5.09,-3.07
100,33.75,33750,-2.08,-1.31,,99,11222,12.8387,-5.03,-2.03
101,34,34000,-2.06,-1.15,,100,11311,12.91435,-5.62,-2.39
102,34.24,34240,-1.82,-0.91,,101,11401,12.99085,-5.64,-2.27
103,34.48,34480,-2.07,-1.18,,102,11671,13.22035,-5.1,-2.04
104,34.72,34720,-1.64,-1.68,,103,11961,13.46685,-5.08,-1.82
105,34.96,34960,-1.77,-1.78,,104,12251,13.71335,-5.03,-1.97
106,35.2,35200,-2.16,-1.91,,105,12541,13.95985,-5.15,-2.2
107,35.44,35440,-3,-1.58,,106,12831,14.20635,-5.71,-2.55
108,35.68,35680,-2.79,-1.15,,107,13121,14.45285,-6.1,-2.32
109,35.92,35920,-2.94,-1.2,,108,13411,14.69935,-5.79,-2.54
110,36.17,36170,-2.85,-0.97,,109,13701,14.94585,-5.98,-2.82
111,36.41,36410,-2.33,-0.88,,110,13991,15.19235,-6.27,-4.25
112,36.65,36650,-2,-1.09,,111,14281,15.43885,-6.36,-4.37
113,36.89,36890,-2.48,-2,,112,14571,15.68535,-6.24,-4.38
114,37.13,37130,-2.32,-1.51,,113,14781,15.86385,-6.58,-4.41
115,37.37,37370,-2.32,-1.68,,114,14982,16.0347,-5.92,-4.45
116,37.71,37710,-2.25,-1.62,,115,15183,16.20555,-6.2,-4.32
117,38.05,38050,-2.72,-2.39,,116,15384,16.3764,-5.88,-4.49
118,38.39,38390,-3.41,-2.15,,117,15585,16.54725,-5.54,-4.36
119,38.73,38730,-4.09,-2.31,,118,15786,16.7181,-5.91,-4.83
120,39.07,39070,-4.41,-2.58,,119,15987,16.88895,-5.31,-4.35
121,39.42,39420,-4.61,-2.69,,120,16188,17.0598,-5.67,-4.38
122,39.76,39760,-4.4,-2.08,,121,16389,17.23065,-5.66,-4.45
123,40.1,40100,-3.95,-1.84,,122,16590,17.4015,-5.21,-4.17
124,40.44,40440,-3.22,-2.02,,123,16791,17.57235,-5.26,-4.29
125,40.78,40780,-3.16,-1.86,,124,16992,17.7432,-4.85,-4.08
126,41.12,41120,-3.48,-1.84,,125,17193,17.91405,-5.18,-3.77
127,41.46,41460,-3.14,-1.41,,126,17394,18.0849,-5.21,-3.88
128,41.8,41800,-3.98,-2.28,,127,17595,18.25575,-5.14,-4.58
129,42.14,42140,-4.24,-1.9,,128,17796,18.4266,-5.07,-3.74
130,42.48,42480,-4.18,-2.26,,129,17997,18.59745,-5.07,-3.49
131,42.82,42820,-3.45,-2.18,,130,18198,18.7683,-4.93,-3.44
132,43.16,43160,-3.08,-1.75,,131,18399,18.93915,-4.99,-3.41
133,43.5,43500,-4.05,-1.92,,132,18600,19.11,-5.19,-3.28
134,43.84,43840,-3.66,-1.19,,133,18782,19.2647,-5.5,-3.35
135,44.18,44180,-3.06,-1.42,,134,18956,19.4126,-4.61,-3.31
136,45.32,45320,-3.34,-1.69,,135,19130,19.5605,-4.38,-3.06
137,46.46,46460,-3.46,-2.01,,136,19304,19.7084,-3.6,-2.78
138,47.6,47600,-3.46,-2.1,,137,19477,19.85545,-3.92,-3.23
139,48.74,48740,-2.92,-2.1,,138,19651,20.00335,-3.98,-3.32
140,49.87,49870,-3.17,-2.66,,139,19825,20.15125,-4.92,-3.7
141,51.01,51010,-3.13,-2.53,,140,19999,20.29915,-4.67,-3.09
142,52.15,52150,-3.18,-2.14,,141,20173,20.44705,-4.22,-2.87
143,53.29,53290,-1.97,-1.46,,142,20347,20.59495,-4.7,-3.12
144,54.42,54420,-1.86,-2.12,,143,20521,20.74285,-4.92,-3.51
145,55.56,55560,-1.54,-2.05,,144,20695,20.89075,-5.22,-3.4
146,56.7,56700,-1.55,-2.04,,145,20869,21.03865,-4.85,-3
147,57.84,57840,-2.25,-2.73,,146,21043,21.18655,-5.22,-3.46
148,58.97,58970,-2.46,-2.43,,147,21216,21.3336,-5.16,-3.8
149,59.31,59310,-1.84,-2.72,,148,21390,21.4815,-4.4,-3.21
150,59.64,59640,-2.25,-2.34,,149,21564,21.6294,-4.57,-3.07
151,59.97,59970,-2.73,-2.38,,150,21738,21.7773,-4.71,-3.19
152,60.31,60310,-3,-1.63,,151,21912,21.9252,-4.35,-2.96
153,60.64,60640,-2.78,-1.5,,152,22086,22.0731,-4.37,-3.24
154,60.97,60970,-2.79,-1.65,,153,22260,22.221,-4.83,-3.09
155,61.31,61310,-2.73,-1.84,,154,22434,22.3689,-4.44,-2.74
156,61.64,61640,-2.78,-1.35,,155,22608,22.5168,-4.78,-3.11
157,61.97,61970,-2.55,-1.42,,156,22782,22.6647,-4.39,-3.16
158,62.31,62310,-2.8,-1.5,,157,22955,22.81175,-5.05,-2.8
159,62.64,62640,-2.54,-1.44,,158,23129,22.95965,-4.54,-3.43
160,62.97,62970,-2.52,-1.3,,159,23303,23.10755,-4.52,-3.36
161,63.31,63310,-2.68,-1.98,,160,23485,23.26225,-3.58,-3.44
162,63.64,63640,-2.24,-1.6,,161,23676,23.4246,-4.33,-2.8
163,63.97,63970,-2.3,-2.13,,162,23866,23.5861,-4.49,-3.28
164,64.31,64310,-2.56,-2.37,,163,24057,23.74845,-4.58,-2.98
165,64.64,64640,-2.23,-1.99,,164,24247,23.90995,-4.27,-3
166,64.97,64970,-3.38,-2.24,,165,24438,24.0723,-4.88,-3.05
167,65.31,65310,-3.28,-2.46,,166,24628,24.2338,-4.92,-3.19
168,65.64,65640,-3.09,-2.54,,167,24819,24.39615,-4.64,-2.79
169,65.97,65970,-3.39,-1.89,,168,25009,24.55765,-4.77,-3.49
170,66.31,66310,-2.84,-1.29,,169,25199,24.71915,-4.96,-3.89
171,66.64,66640,-2.62,-1.29,,170,25390,24.8815,-4.72,-3.43
172,66.97,66970,-2.84,-1.52,,171,25580,25.043,-4.49,-2.79
173,67.31,67310,-2.82,-1.58,,172,25771,25.20535,-4.21,-2.76
174,67.64,67640,-2.72,-2.21,,173,25961,25.36685,-4.9,-2.95
175,67.97,67970,-2.62,-1.71,,174,26152,25.5292,-5.33,-2.76
176,68.32,68320,-3.04,-1.92,,175,26342,25.6907,-5.13,-2.82
177,68.66,68660,-2.87,-2.13,,176,26532,25.8522,-4.77,-2.99
178,69.01,69010,-2.59,-1.83,,177,26913,26.17605,-3.91,-2.23
179,69.35,69350,-2.65,-1.85,,178,27104,26.3384,-5.42,-2.88
180,69.7,69700,-2.74,-2.06,,179,27294,26.4999,-4.61,-2.31
181,70.04,70040,-2.76,-2.06,,180,27485,26.66225,-5.05,-2.31
182,70.39,70390,-2.74,-1.72,,181,27675,26.82375,-4.8,-1.96
183,70.73,70730,-2.63,-2.05,,182,27866,26.9861,-4.6,-2.04
184,71.08,71080,-2.6,-2.67,,183,28056,27.1476,-5.03,-2.38
185,71.42,71420,-2.69,-2.88,,184,28230,27.2955,-4.96,-2.69
186,71.77,71770,-2.62,-3.12,,185,28379,27.42215,-5.4,-2.91
187,72.11,72110,-3.01,-3.23,,186,28528,27.5488,-4.78,-2.77
188,72.46,72460,-4,-2.14,,187,28678,27.6763,-4.79,-2.86
189,72.81,72810,-3.58,-1.88,,188,28827,27.80295,-4.91,-2.24
190,73.15,73150,-3.74,-2.44,,189,28977,27.93045,-5.13,-1.75
191,73.5,73500,-3.3,-2.05,,190,29126,28.0571,-4.84,-1.83
192,73.84,73840,-2.37,-2.32,,191,29275,28.18375,-4.39,-2.18
193,74.19,74190,-2.3,-2.24,,192,29425,28.31125,-5.15,-2.78
194,74.53,74530,-2.16,-2.4,,193,29574,28.4379,-5.11,-3.46
195,74.88,74880,-2.52,-2.74,,194,29724,28.5654,-4.46,-2.97
196,75.22,75220,-2.18,-2.77,,195,29873,28.69205,-5.1,-3.18
197,75.56,75560,-2.51,-2.63,,196,30022,28.8187,-5.01,-3.28
198,75.9,75900,-3.08,-2.36,,197,30172,28.9462,-4.86,-3.31
199,76.25,76250,-2.96,-2.6,,198,30321,29.07285,-4.56,-3.45
200,76.59,76590,-3,-2.71,,199,30471,29.20035,-4.63,-3.55
201,76.93,76930,-1.76,-2.53,,200,30620,29.327,-5.3,-3.42
202,77.28,77280,-1.81,-2.81,,201,30919,29.58115,-4.45,-2.22
203,77.62,77620,-1.44,-2.23,,202,31068,29.7078,-3.69,-1.38
204,77.96,77960,-1.11,-2.25,,203,31217,29.83445,-5.14,-3.17
205,78.3,78300,-1.56,-2.68,,204,31367,29.96195,-4.9,-2.56
206,78.65,78650,-1.55,-2.39,,205,31516,30.0886,-5.42,-3.18
207,78.99,78990,-1.38,-2.76,,206,31666,30.2161,-5.38,-2.71
208,79.33,79330,-0.99,-2.33,,207,31815,30.34275,-4.93,-2.97
209,79.67,79670,-1.05,-2.26,,208,32055,30.54675,-4.96,-2.99
210,80.02,80020,-1.15,-2.65,,209,32305,30.75925,-4.61,-2.54
211,80.36,80360,-0.93,-2.44,,210,32556,30.9726,-4.47,-2.4
212,80.68,80680,-1.05,-2.53,,211,32806,31.1851,-5.01,-2.54
213,80.99,80990,-1.56,-3.01,,212,33056,31.3976,-5.31,-2.92
214,81.31,81310,-1.12,-3.01,,213,33306,31.6101,-5.55,-3.14
215,81.62,81620,-1.09,-2.35,,214,33556,31.8226,-5.72,-3.06
216,81.94,81940,-0.84,-2.73,,215,33807,32.03595,-5.69,-3.5
217,82.26,82260,-1.45,-5.26,,216,34057,32.24845,-5.53,-3.38
218,82.57,82570,-1.36,-5.22,,217,34307,32.46095,-5.54,-2.71
219,82.89,82890,-1.4,-5.3,,218,34557,32.67345,-5.67,-2.42
220,83.2,83200,-1.49,-4.89,,219,34807,32.88595,-5.06,-2.66
221,83.52,83520,-1.7,-5.25,,220,35058,33.0993,-4.78,-2.77
222,83.84,83840,-2.73,-5.12,,221,35308,33.3118,-4.93,-2.98
223,84.15,84150,-2.9,-5.26,,222,35558,33.5243,-4.47,-2.39
224,84.47,84470,-3.37,-5.35,,223,35808,33.7368,-5,-2.76
225,84.78,84780,-3.75,-4.73,,224,36058,33.9493,-5.27,-3.2
226,85.1,85100,-3.88,-5.11,,225,36309,34.16265,-5.67,-2.42
227,85.41,85410,-3.81,-5.28,,226,36559,34.37515,-5.71,-2.96
228,85.73,85730,-4.38,-5.79,,227,36809,34.58765,-6.23,-3.62
229,86.05,86050,-4.22,-6.2,,228,37059,34.80015,-6.04,-3.17
230,86.36,86360,-4.21,-5.45,,229,37309,35.01265,-5.5,-2.85
231,86.68,86680,-4.18,-6.04,,230,37560,35.226,-5.36,-3.05
232,86.99,86990,-4.59,-6.18,,231,37810,35.4385,-5.66,-4.01
233,87.31,87310,-4.38,-5.91,,232,38060,35.651,-5.26,-3.63
234,87.63,87630,-4.66,-6.35,,233,38249,35.81165,-5.47,-3.59
235,87.94,87940,-4.66,-6.63,,234,38440,35.974,-5.2,-3.06
236,88.26,88260,-4.75,-6.98,,235,38630,36.1355,-5.46,-3.22
237,88.57,88570,-4.97,-7.11,,236,38820,36.297,-5.18,-3.15
238,88.89,88890,-5.12,-7.96,,237,39010,36.4585,-5.7,-3.56
239,89.21,89210,-5.11,-8.1,,238,39200,36.62,-5.61,-3.59
,,,,,,239,39390,36.7815,-5.54,-3.41
,,,,,,240,39580,36.943,-5.58,-3.31
,,,,,,241,39770,37.1045,-5.52,-2.81
,,,,,,242,39960,37.266,-6.13,-4.28
,,,,,,243,40150,37.4275,-6.24,-3.88
,,,,,,244,40340,37.589,-6.1,-3.96
,,,,,,245,40530,37.7505,-5.9,-4.36
,,,,,,246,40720,37.912,-5.99,-4.73
,,,,,,247,40910,38.0735,-5.39,-4
,,,,,,248,41100,38.235,-5.47,-4.31
,,,,,,249,41290,38.3965,-5.18,-4.52
,,,,,,250,41480,38.558,-6.02,-5.41
,,,,,,251,41670,38.7195,-5.35,-5.23
,,,,,,252,41860,38.881,-5.97,-4.84
,,,,,,253,42050,39.0425,-5.13,-4.27
,,,,,,254,42240,39.204,-5.28,-3.88
,,,,,,255,42430,39.3655,-5.16,-3.68
,,,,,,256,42621,39.52785,-5.3,-3.94
,,,,,,257,42811,39.68935,-5.88,-4.5
,,,,,,258,43001,39.85085,-5.15,-4.31
,,,,,,259,43191,40.01235,-5.21,-3.93
,,,,,,260,43381,40.17385,-5.4,-3.6
,,,,,,261,43571,40.33535,-5.53,-4.46
,,,,,,262,43761,40.49685,-4.98,-2.86
,,,,,,263,43951,40.65835,-5.48,-3.73
,,,,,,264,44141,40.81985,-5.41,-3.15
,,,,,,265,44331,40.98135,-5.44,-3.58
,,,,,,266,44521,41.14285,-5.54,-4.78
,,,,,,267,44711,41.30435,-5.51,-4.95
,,,,,,268,44901,41.46585,-4.84,-3.66
,,,,,,269,45091,41.62735,-5.48,-4.5
,,,,,,270,45281,41.78885,-5.53,-4.28
,,,,,,271,45471,41.95035,-5.88,-4.74
,,,,,,272,45661,42.11185,-5.67,-3.8
,,,,,,273,45851,42.27335,-5.87,-4.29
,,,,,,274,46041,42.43485,-4.91,-2.94
,,,,,,275,46231,42.59635,-5.27,-3.47
,,,,,,276,46421,42.75785,-4.83,-3.29
,,,,,,277,46611,42.91935,-4.88,-4.16
,,,,,,278,46984,43.2364,-4.98,-3.95
,,,,,,279,47404,43.5934,-4.89,-3.94
,,,,,,280,47823,43.94955,-5.02,-3.86
,,,,,,281,48242,44.3057,-5.31,-3.81
,,,,,,282,48661,44.66185,-4.88,-3.54
,,,,,,283,49080,45.018,-5.44,-3.2
,,,,,,284,49499,45.37415,-5.3,-3.54
,,,,,,285,49918,45.7303,-5.39,-3.12
,,,,,,286,50337,46.08645,-5.58,-3.59
,,,,,,287,50757,46.44345,-4.45,-2.84
,,,,,,288,51176,46.7996,-4.83,-2.95
,,,,,,289,51595,47.15575,-4.36,-2.56
,,,,,,290,52014,47.5119,-3.49,-2.32
,,,,,,291,52433,47.86805,-4.95,-2.79
,,,,,,292,52852,48.2242,-5.6,-2.32
,,,,,,293,53271,48.58035,-5.15,-1.97
,,,,,,294,53690,48.9365,-4.29,-1.81
,,,,,,295,54110,49.2935,-5.04,-1.78
,,,,,,296,54529,49.64965,-5.15,-1.76
,,,,,,297,54948,50.0058,-5,-1.4
,,,,,,298,55367,50.36195,-4.61,-1.94
,,,,,,299,55786,50.7181,-5.83,-2.91
,,,,,,300,56205,51.07425,-5.41,-2.84
,,,,,,301,56624,51.4304,-5.61,-2.19
,,,,,,302,57043,51.78655,-5.43,-1.71
,,,,,,303,57463,52.14355,-5.11,-1.57
,,,,,,304,57882,52.4997,-5.44,-1.92
,,,,,,305,58301,52.85585,-5.58,-1.88
,,,,,,306,58720,53.212,-5.52,-2.94
,,,,,,307,59139,53.56815,-2.85,-1.9
,,,,,,308,59558,53.9243,-4.78,-3.16
,,,,,,309,59977,54.28045,-4.82,-3
,,,,,,310,60397,54.63745,-5.51,-3.39
,,,,,,311,60816,54.9936,-5.18,-3.12
,,,,,,312,61235,55.34975,-5.48,-3.15
,,,,,,313,61654,55.7059,-5.04,-3.13
,,,,,,314,62073,56.06205,-4.91,-3.21
,,,,,,315,62292,56.2482,-5.2,-3.18
,,,,,,316,62424,56.3604,-5.33,-3.84
,,,,,,317,62556,56.4726,-4.75,-3.83
,,,,,,318,62688,56.5848,-4.69,-3.53
,,,,,,319,62820,56.697,-4.67,-3.17
,,,,,,320,62953,56.81005,-4.84,-3.49
,,,,,,321,63085,56.92225,-5.11,-2.87
,,,,,,322,63217,57.03445,-5.41,-3.39
,,,,,,323,63349,57.14665,-4.72,-3.3
,,,,,,324,63481,57.25885,-4.84,-3.16
,,,,,,325,63614,57.3719,-4.37,-2.57
,,,,,,326,63746,57.4841,-5.85,-3.73
,,,,,,327,63878,57.5963,-4.87,-3.22
,,,,,,328,64010,57.7085,-5.03,-3.49
,,,,,,329,64142,57.8207,-5.12,-3.79
,,,,,,330,64274,57.9329,-4.67,-2.99
,,,,,,331,64407,58.04595,-5.08,-3.08
,,,,,,332,64539,58.15815,-4.56,-2.56
,,,,,,333,64671,58.27035,-4.57,-3.46
,,,,,,334,64803,58.38255,-4.75,-2.92
,,,,,,335,64935,58.49475,-5.7,-3.91
,,,,,,336,65068,58.6078,-4.37,-3.16
,,,,,,337,65200,58.72,-4.11,-3.14
,,,,,,338,65332,58.8322,-5,-3.25
,,,,,,339,65464,58.9444,-3.61,-2.07
,,,,,,340,65596,59.0566,-4.78,-3.35
,,,,,,341,65729,59.16965,-3.47,-0.36
,,,,,,342,65861,59.28185,-3.33,-0.23
,,,,,,343,65993,59.39405,-4.3,-2.01
,,,,,,344,66125,59.50625,-4.32,-2.33
,,,,,,345,66257,59.61845,-4.49,-2.77
,,,,,,346,66522,59.8437,-5.45,-3.33
,,,,,,347,66654,59.9559,-5.35,-3.02
,,,,,,348,66786,60.0681,-5.05,-3.16
,,,,,,349,66918,60.1803,-4.85,-2.88
,,,,,,350,67183,60.40555,-5.58,-3.72
,,,,,,351,67420,60.607,-5.39,-3
,,,,,,352,67682,60.8297,-5.91,-3.89
,,,,,,353,67944,61.0524,-5.63,-3.69
,,,,,,354,68206,61.2751,-5.03,-3.9
,,,,,,355,68468,61.4978,-5.6,-3.91
,,,,,,356,68730,61.7205,-5.29,-3.28
,,,,,,357,68992,61.9432,-5.73,-3.17
,,,,,,358,69254,62.1659,-5.72,-3.16
,,,,,,359,69516,62.3886,-4.83,-2.89
,,,,,,360,69778,62.6113,-4.38,-2.79
,,,,,,361,70040,62.834,-6.09,-3.16
,,,,,,362,70302,63.0567,-4.49,-3.32
,,,,,,363,70564,63.2794,-6.18,-3.06
,,,,,,364,70827,63.50295,-6.02,-3.11
,,,,,,365,71089,63.72565,-4.82,-2.67
,,,,,,366,71351,63.94835,-6.9,-3.53
,,,,,,367,71613,64.17105,-4.18,-3.31
,,,,,,368,71875,64.39375,-4.74,-3.95
,,,,,,369,72137,64.61645,-5.77,-3.93
,,,,,,370,72399,64.83915,-5.4,-4.14
,,,,,,371,72661,65.06185,-5.93,-4.16
,,,,,,372,72923,65.28455,-5.29,-4.14
,,,,,,373,73185,65.50725,-6.02,-4.61
,,,,,,374,73447,65.72995,-5.4,-3.17
,,,,,,375,73709,65.95265,-6,-3.08
,,,,,,376,73971,66.17535,-6.29,-3.12
,,,,,,377,74233,66.39805,-5.59,-2.79
,,,,,,378,74495,66.62075,-5.72,-2.71
,,,,,,379,74757,66.84345,-5.74,-3.04
,,,,,,380,75019,67.06615,-5.85,-2.54
,,,,,,381,75222,67.2387,-5.83,-2.57
,,,,,,382,75364,67.3594,-5.22,-2.6
,,,,,,383,75506,67.4801,-6.32,-2.7
,,,,,,384,75649,67.60165,-5.82,-2.62
,,,,,,385,75791,67.72235,-6.34,-3.2
,,,,,,386,75934,67.8439,-6.22,-2.97
,,,,,,387,76076,67.9646,-6.71,-2.8
,,,,,,388,76218,68.0853,-5.69,-2.42
,,,,,,389,76361,68.20685,-5.94,-2.92
,,,,,,390,76503,68.32755,-5.46,-3.23
,,,,,,391,76645,68.44825,-5.8,-3.73
,,,,,,392,76788,68.5698,-5.62,-3.46
,,,,,,393,76930,68.6905,-5.8,-3.09
,,,,,,394,77072,68.8112,-5.6,-3.37
,,,,,,395,77215,68.93275,-6.2,-3.34
,,,,,,396,77357,69.05345,-6.24,-3.63
,,,,,,397,77500,69.175,-6.13,-3.57
,,,,,,398,77642,69.2957,-6.23,-3.42
,,,,,,399,77784,69.4164,-5.2,-3.19
,,,,,,400,77927,69.53795,-5.32,-2.87
,,,,,,401,78069,69.65865,-5.72,-1.8
,,,,,,402,78211,69.77935,-5.16,-1.91
,,,,,,403,78354,69.9009,-5.65,-2.2
,,,,,,404,78496,70.0216,-5.62,-1.81
,,,,,,405,78638,70.1423,-5.36,-2.06
,,,,,,406,78781,70.26385,-6.19,-1.89
,,,,,,407,78923,70.38455,-6.54,-2.3
,,,,,,408,79066,70.5061,-6.3,-2.08
,,,,,,409,79208,70.6268,-6.25,-2.02
,,,,,,410,79350,70.7475,-6.43,-2.02
,,,,,,411,79493,70.86905,-6.34,-2.01
,,,,,,412,79635,70.98975,-5.95,-1.86
,,,,,,413,79777,71.11045,-6.36,-2.02
,,,,,,414,79920,71.232,-5.81,-2
,,,,,,415,80062,71.3527,-6.17,-1.65
,,,,,,416,80147,71.42495,-5.26,-1.6
,,,,,,417,80218,71.4853,-6.32,-2.24
,,,,,,418,80289,71.54565,-6.21,-2.01
,,,,,,419,80360,71.606,-6.02,-1.78
,,,,,,420,80432,71.6672,-5.9,-1.52
,,,,,,421,80503,71.72755,-5.34,-1.75
,,,,,,422,80574,71.7879,-5.79,-1.43
,,,,,,423,80645,71.84825,-6.01,-1.96
,,,,,,424,80717,71.90945,-5.64,-1.55
,,,,,,425,80788,71.9698,-5.98,-1.5
,,,,,,426,80859,72.03015,-5.95,-1.83
,,,,,,427,80930,72.0905,-6.27,-1.62
,,,,,,428,81001,72.15085,-5.89,-1.5
,,,,,,429,81073,72.21205,-5.46,-1.22
,,,,,,430,81144,72.2724,-6,-1.42
,,,,,,431,81215,72.33275,-5.68,-1.02
,,,,,,432,81286,72.3931,-6.32,-1.65
,,,,,,433,81358,72.4543,-6.85,-2.63
,,,,,,434,81429,72.51465,-6.88,-2.08
,,,,,,435,81500,72.575,-6.56,-1.74
,,,,,,436,81571,72.63535,-6.32,-1.69
,,,,,,437,81642,72.6957,-5.92,-1.14
,,,,,,438,81714,72.7569,-5.5,-1.47
,,,,,,439,81785,72.81725,-5.86,-1.45
,,,,,,440,81856,72.8776,-5.69,-1.6
,,,,,,441,81927,72.93795,-6.15,-1.32
,,,,,,442,81999,72.99915,-5.57,-1.16
,,,,,,443,82070,73.0595,-6.17,-1.34
,,,,,,444,82141,73.11985,-5.97,-1.54
,,,,,,445,82212,73.1802,-5.7,-1.18
,,,,,,446,82283,73.24055,-6.17,-1.45
,,,,,,447,82355,73.30175,-6.26,-1.53
,,,,,,448,82426,73.3621,-6.11,-1.46
,,,,,,449,82497,73.42245,-5.95,-1.36
,,,,,,450,82568,73.4828,-5.8,-1.3
,,,,,,451,82665,73.56525,-6.2,-1.51
,,,,,,452,82773,73.65705,-6.39,-1.82
,,,,,,453,82880,73.748,-6.05,-1.41
,,,,,,454,82988,73.8398,-6.19,-1.93
,,,,,,455,83095,73.93075,-6.48,-2.07
,,,,,,456,83203,74.02255,-6,-1.78
,,,,,,457,83310,74.1135,-6.44,-1.82
,,,,,,458,83418,74.2053,-5.82,-1.65
,,,,,,459,83525,74.29625,-5.67,-1.73
,,,,,,460,83633,74.38805,-5.85,-1.78
,,,,,,461,83740,74.479,-6.14,-1.75
,,,,,,462,83848,74.5708,-6.04,-1.85
,,,,,,463,83955,74.66175,-5.15,-1.51
,,,,,,464,84063,74.75355,-5.13,-2.19
,,,,,,465,84170,74.8445,-5.21,-2.15
,,,,,,466,84278,74.9363,-5.64,-3.25
,,,,,,467,84385,75.02725,-6.29,-3.02
,,,,,,468,84493,75.11905,-6.26,-2.75
,,,,,,469,84600,75.21,-6.12,-3.67
,,,,,,470,84707,75.30095,-6.01,-3.91
,,,,,,471,84815,75.39275,-6.05,-3.76
,,,,,,472,84922,75.4837,-6.16,-4.21
,,,,,,473,85030,75.5755,-6.3,-4.32
,,,,,,474,85137,75.66645,-6.24,-4.28
,,,,,,475,85245,75.75825,-6.08,-3.91
,,,,,,476,85352,75.8492,-5.78,-4.08
,,,,,,477,85460,75.941,-5.81,-4.33
,,,,,,478,85567,76.03195,-5.85,-4.22
,,,,,,479,85675,76.12375,-6.36,-4.46
,,,,,,480,85782,76.2147,-6.08,-4.49
,,,,,,481,85890,76.3065,-6.17,-3.89
,,,,,,482,85997,76.39745,-6.45,-4.68
,,,,,,483,86105,76.48925,-5.97,-3.79
,,,,,,484,86212,76.5802,-6.53,-4.17
,,,,,,485,86320,76.672,-5.7,-3.9
,,,,,,486,86427,76.76295,-5.36,-3.84
,,,,,,487,86535,76.85475,-6.32,-4.27
,,,,,,488,86642,76.9457,-6.21,-4.34
,,,,,,489,86750,77.0375,-6.2,-4.02
,,,,,,490,86857,77.12845,-6.51,-4.35
,,,,,,491,86965,77.22025,-6.47,-4.64
,,,,,,492,87072,77.3112,-6.48,-4.74
,,,,,,493,87180,77.403,-6.21,-4.64
,,,,,,494,87287,77.49395,-6.57,-4.44
,,,,,,495,87395,77.58575,-6.66,-4.42
,,,,,,496,87502,77.6767,-6.07,-3.94
,,,,,,497,87610,77.7685,-6.5,-3.33
,,,,,,498,87717,77.85945,-5.99,-3.07
,,,,,,499,87824,77.9504,-6.41,-3.38
,,,,,,500,87932,78.0422,-6.22,-3.22
,,,,,,501,88039,78.13315,-6.41,-3.52
,,,,,,502,88147,78.22495,-6.38,-3.22
,,,,,,503,88254,78.3159,-6.75,-3.75
,,,,,,504,88362,78.4077,-6.47,-3.75
,,,,,,505,88469,78.49865,-6.45,-3.26
,,,,,,506,88577,78.59045,-6.65,-3.62
,,,,,,507,88684,78.6814,-6.6,-3.8
,,,,,,508,88792,78.7732,-6.64,-3.73
,,,,,,509,88899,78.86415,-6.55,-3.73
,,,,,,510,89007,78.95595,-6.87,-4.12
,,,,,,511,89114,79.0469,-6.36,-3.72
,,,,,,512,89222,79.1387,-6.46,-3.62
,,,,,,513,89329,79.22965,-6.22,-3.61
,,,,,,514,89437,79.32145,-5.72,-3.83
,,,,,,515,89544,79.4124,-6.15,-3.84
,,,,,,516,89652,79.5042,-6.34,-3.92
,,,,,,517,89759,79.59515,-6.29,-4.2
,,,,,,518,89867,79.68695,-6.38,-4.07
,,,,,,519,89974,79.7779,-6.52,-4.61
,,,,,,520,90082,79.8697,-6.39,-4.13
,,,,,,521,90189,79.96065,-6.59,-4.4
,,,,,,522,90297,80.05245,-6.35,-4.28
,,,,,,523,90404,80.1434,-6.22,-4.43
,,,,,,524,90512,80.2352,-6.46,-4.36
,,,,,,525,90619,80.32615,-6.22,-3.94
,,,,,,526,90726,80.4171,-6.45,-4.2
,,,,,,527,90834,80.5089,-6.27,-4.22
,,,,,,528,90941,80.59985,-6.14,-3.97
,,,,,,529,91049,80.69165,-6.4,-4.57
,,,,,,530,91156,80.7826,-6.56,-4.23
,,,,,,531,91264,80.8744,-6.48,-4.36
,,,,,,532,91371,80.96535,-6.45,-4.51
,,,,,,533,91479,81.05715,-6.42,-4.33
,,,,,,534,91586,81.1481,-6.45,-4.26
,,,,,,535,91801,81.33085,-6.49,-4.45
,,,,,,536,91909,81.42265,-6.69,-4.5
,,,,,,537,92016,81.5136,-6.72,-4.55
,,,,,,538,92124,81.6054,-6.78,-4.33
,,,,,,539,92231,81.69635,-6.55,-4.23
,,,,,,540,92339,81.78815,-6.93,-4.32
,,,,,,541,92446,81.8791,-7.16,-4.57
,,,,,,542,92554,81.9709,-7.21,-3.75
,,,,,,543,92661,82.06185,-5.81,-4.28
,,,,,,544,92769,82.15365,-6.29,-4.47
,,,,,,545,92942,82.3007,-6.06,-4.13
,,,,,,546,93134,82.4639,-5.73,-3.67
,,,,,,547,93325,82.62625,-5.75,-3.84
,,,,,,548,93517,82.78945,-5.64,-3.61
,,,,,,549,93708,82.9518,-6.02,-4.13
,,,,,,550,93899,83.11415,-6.27,-3.89
,,,,,,551,94091,83.27735,-5.59,-3.82
,,,,,,552,94282,83.4397,-5.51,-3.49
,,,,,,553,94474,83.6029,-5.85,-3.46
,,,,,,554,94665,83.76525,-6.26,-3.61
,,,,,,555,94856,83.9276,-5.96,-3.53
,,,,,,556,95048,84.0908,-4.59,-2.7
,,,,,,557,95239,84.25315,-6.22,-3.41
,,,,,,558,95431,84.41635,-5.74,-3.15
,,,,,,559,95622,84.5787,-6.43,-3.36
,,,,,,560,95813,84.74105,-6.13,-3.06
,,,,,,561,96005,84.90425,-6.29,-3.16
,,,,,,562,96196,85.0666,-6.01,-3.02
,,,,,,563,96388,85.2298,-5.85,-2.73
,,,,,,564,96579,85.39215,-5.77,-2.56
,,,,,,565,96770,85.5545,-5.72,-2.66
,,,,,,566,96962,85.7177,-6.12,-3.24
,,,,,,567,97153,85.88005,-5.48,-2.64
,,,,,,568,97345,86.04325,-5.52,-2.46
,,,,,,569,97536,86.2056,-5.28,-2.06
,,,,,,570,97727,86.36795,-5.73,-2.18
,,,,,,571,97919,86.53115,-5.6,-1.79
,,,,,,572,98110,86.6935,-5.95,-2.83
,,,,,,573,98302,86.8567,-5.43,-2.19
,,,,,,574,98493,87.01905,-5.12,-2.06
,,,,,,575,98684,87.1814,-5.23,-1.96
,,,,,,576,98876,87.3446,-4.75,-1.5
,,,,,,577,99067,87.50695,-5.3,-1.81
,,,,,,578,99259,87.67015,-6.38,-1.88
,,,,,,579,99450,87.8325,-6.23,-2.29
,,,,,,580,99642,87.9957,-5.77,-1.49
,,,,,,581,99833,88.15805,-5.58,-1.54