Mean Depth ,Gravity/solubility corrected,mean total air,ice age,gas age,,Ca2+,CH4xs corrected,Bottom Depth,Mean Depth 
1822.86,497.5415684,0.093305189,15653.54399,14682.38457,,141.47,492.6519273,1822.91,1157.780964
1822.86,498.6613447,0.092516215,15653.54399,14682.38457,,141.47,493.7300049,1822.91,1158.320002
1823.55,519.3669721,0.09211,15686.81869,14709.41337,,212.89,511.913412,1823.6,1167.756706
1823.55,503.9746761,0.09194,15686.81869,14709.41337,,212.89,496.5069453,1823.6,1160.053473
1824.05,507.3388861,0.09341,15710.9308,14728.99946,,192.73,500.6850613,1824.1,1162.392531
1824.05,503.261385,0.09214,15710.9308,14728.99946,,192.73,496.5160458,1824.1,1160.308023
1825.45,501.2662185,0.09357,15778.44469,14783.8405,,201.47,494.3226513,1825.5,1159.911326
1825.45,496.8461266,0.09318,15778.44469,14783.8405,,201.47,489.8732113,1825.5,1157.686606
1825.7,507.1596991,0.092832688,15790.50074,14793.63354,,181.93,500.8396301,1825.75,1163.294815
1825.7,507.1712274,0.092823685,15790.50074,14793.63354,,181.93,500.8505454,1825.75,1163.300273
1826.17,524.4969362,0.09391,15813.16612,14812.04446,,153.2,519.2362094,1826.22,1172.728105
1826.17,493.6535447,0.09356,15813.16612,14812.04446,,153.2,488.3729479,1826.22,1157.296474
1827.15,491.1183249,0.09249,15860.46732,14850.39312,,193,484.3886608,1827.2,1155.79433
1827.15,486.9537651,0.09347,15860.46732,14850.39312,,193,480.2949095,1827.2,1153.747455
1828.15,497.5990156,0.09168,15910.83546,14887.49353,,201.21,490.5211029,1828.2,1159.360551
1828.15,502.452332,0.09252,15910.83546,14887.49353,,201.21,495.4391144,1828.2,1161.819557
1829.47,494.2715569,0.09248,15977.34759,14936.44078,,226.49,486.3737193,1829.52,1157.94686
1829.47,491.2286832,0.09318,15977.34759,14936.44078,,226.49,483.3900329,1829.52,1156.455016
1829.57,491.3387967,0.092842715,15982.38639,14940.14891,,226.49,483.4716069,1829.62,1156.545803
1829.57,491.0633157,0.092692891,15982.38639,14940.14891,,226.49,483.1834098,1829.62,1156.401705
1831.05,487.2746551,0.09313,16056.9606,14995.02916,,251.17,478.5773657,1831.1,1154.838683
1831.05,488.1581444,0.09358,16056.9606,14995.02916,,251.17,479.5023965,1831.1,1155.301198
1832.17,504.9028485,0.09179,16113.37195,15037.07369,,207.3,497.6197607,1832.22,1164.91988
1832.17,480.2442338,0.09141,16113.37195,15037.07369,,207.3,472.9309992,1832.22,1152.5755
1833.19,489.3210111,0.09109,16164.12618,15089.10426,,170.95,483.2687342,1833.24,1158.254367
1833.19,486.3096895,0.09135,16164.12618,15089.10426,,170.95,480.2745748,1833.24,1156.757287
1834.05,510.1265869,0.0917,16206.91019,15133.16746,,176.67,503.9135329,1834.1,1169.006766
1834.05,482.1398655,0.09221,16206.91019,15133.16746,,176.67,475.9612946,1834.1,1155.030647
1835.27,487.5747393,0.09219,16267.60379,15195.67571,,192.32,480.8473126,1835.32,1158.083656
1835.27,485.9911663,0.09195,16267.60379,15195.67571,,192.32,479.2463599,1835.32,1157.28318
1836.05,498.8576569,0.09184,16306.40789,15235.64,,199.6736364,491.8462713,1836.1,1163.973136
1836.05,495.1469689,0.09195,16306.40789,15235.64,,199.6736364,488.1442288,1836.1,1162.122114
1836.15,494.2591794,0.091140543,16311.38277,15240.76363,,210.51,486.8104955,1836.2,1161.505248
1836.15,492.1391861,0.091255836,16311.38277,15240.76363,,210.51,484.6999129,1836.2,1160.449956
1837.05,490.6027518,0.09238,16356.15674,15286.87628,,142.6654545,485.6221822,1837.1,1161.361091
1837.05,484.694957,0.09324,16356.15674,15286.87628,,142.6654545,479.7604462,1837.1,1158.430223
1838.17,485.7344644,0.09262,16411.87545,15344.26091,,162,480.0937791,1838.22,1159.15689
1838.17,489.0232758,0.09197,16411.87545,15344.26091,,162,483.3427371,1838.22,1160.781369
1839.05,494.3049108,0.09266,16455.65444,15389.34883,,190.13,487.6874684,1839.1,1163.393734
1839.05,488.1130868,0.0917,16455.65444,15389.34883,,190.13,481.4264455,1839.1,1160.263223
1840.05,495.3180135,0.09248,16505.40329,15440.5851,,231.04,487.2613667,1840.1,1163.680683
1840.05,493.0414248,0.09264,16505.40329,15440.5851,,231.04,484.998764,1840.1,1162.549382
1840.15,487.5086842,0.091228191,16510.37817,15445.70873,,231.04,479.3414212,1840.2,1159.770711
1840.15,487.4420348,0.092166327,16510.37817,15445.70873,,231.04,479.3579042,1840.2,1159.778952
1841.95,475.6337469,0.09214,16599.9261,15537.93402,,239.31,467.2581506,1842,1154.629075
1841.95,476.9687418,0.09272,16599.9261,15537.93402,,239.31,468.645614,1842,1155.322807
1842.975,474.5477586,0.09263,16650.91867,15590.4512,,196.81,467.6954999,1843.05,1155.37275
1842.975,469.7134042,0.09461,16650.91867,15590.4512,,196.81,463.0049871,1843.05,1153.027494
1843.45,467.5735607,0.09305,16674.54937,15614.78843,,181.28,461.2907367,1843.5,1152.395368
1843.45,466.7722528,0.09339,16674.54937,15614.78843,,181.28,460.5124505,1843.5,1152.006225
1843.95,466.2274556,0.09298,16699.4238,15640.40657,,198.85,459.3308665,1844,1151.665433
1843.95,466.7652771,0.09224,16699.4238,15640.40657,,198.85,459.8132628,1844,1151.906631
1844.34,471.666936,0.09377,16718.60721,15660.35305,,225.55,463.9101536,1844.39,1154.150077
1844.34,463.1342358,0.09458,16718.60721,15660.35305,,225.55,455.4435361,1844.39,1149.916768
1844.44,470.1508208,0.094423773,16723.1448,15665.40534,,228.22,462.3562756,1844.49,1153.423138
1844.44,473.7911888,0.094464619,16723.1448,15665.40534,,228.22,466.0000139,1844.49,1155.245007
1844.75,469.4098959,0.09421,16737.08041,15681.62309,,221.5,461.8280854,1844.8,1153.314043
1844.75,471.2246043,0.09332,16737.08041,15681.62309,,221.5,463.5700057,1844.8,1154.185003
1845.45,471.9399652,0.09281,16768.41727,15718.79823,,213.59,464.5181283,1845.5,1155.009064
1845.45,471.522335,0.09306,16768.41727,15718.79823,,213.59,464.1203785,1845.5,1154.810189
1845.95,471.0766514,0.09472,16790.80074,15745.35189,,228.68,463.2910801,1846,1154.64554
1845.95,472.7307441,0.09394,16790.80074,15745.35189,,228.68,464.8801309,1846,1155.440065
1846.45,472.3111407,0.09407,16813.18421,15771.90555,,199.73,465.4637701,1846.5,1155.981885
1846.45,472.3993821,0.09441,16813.18421,15771.90555,,199.73,465.5768843,1846.5,1156.038442
1846.95,473.4035149,0.0939,16835.56768,15798.45922,,238.59,465.2093257,1847,1156.104663
1846.95,475.2550693,0.09496,16835.56768,15798.45922,,238.59,467.1527737,1847,1157.076387
1847.45,469.6269529,0.09433,16857.95115,15825.01288,,190.21,463.123966,1847.5,1155.311983
1847.45,469.2860909,0.09413,16857.95115,15825.01288,,190.21,462.7693793,1847.5,1155.13469
1847.95,468.3088327,0.09516,16880.33462,15851.56655,,210.51,461.1747673,1848,1154.587384
1847.95,468.9891936,0.0947,16880.33462,15851.56655,,210.51,461.8203908,1848,1154.910195
1848.45,469.5741921,0.09404,16902.71809,15878.12021,,217.11,462.1289886,1848.5,1155.314494
1848.45,461.9531913,0.09424,16902.71809,15878.12021,,217.11,454.5232707,1848.5,1151.511635
1848.955,481.8818738,0.09494,16925.32539,15904.93941,,214.54,474.5944192,1849,1161.79721
1848.955,476.9799877,0.09433,16925.32539,15904.93941,,214.54,469.645729,1849,1159.322864
1849.25,470.0203763,0.0948155,16938.53164,15920.60608,,195.6563636,463.365606,1849.3,1156.332803
1849.25,466.9079143,0.094628416,16938.53164,15920.60608,,195.6563636,460.2399873,1849.3,1154.769994
1849.45,465.6497327,0.09488,16947.48502,15931.22754,,191.46,459.1418297,1849.5,1154.320915
1849.45,462.2476423,0.09416,16947.48502,15931.22754,,191.46,455.6899384,1849.5,1152.594969
1849.75,473.6315978,0.092749011,16960.91511,15947.15974,,209.02,466.3638979,1849.8,1158.081949
1849.75,476.6524291,0.093012851,16960.91511,15947.15974,,209.02,469.4053448,1849.8,1159.602672
1849.95,466.4372223,0.09439,16969.86849,15957.78121,,209.02,459.2962399,1850,1154.64812
1849.95,463.6078483,0.09493,16969.86849,15957.78121,,209.02,456.5073737,1850,1153.253687
1850.42,482.1534031,0.09466,16990.90896,15982.74165,,234.33,474.170345,1850.47,1162.320173
1850.42,476.3995468,0.09504,16990.90896,15982.74165,,234.33,468.448577,1850.47,1159.459288
1850.65,484.1836414,0.094716308,17001.20535,15994.95634,,288.35,474.3658539,1850.7,1162.532927
1850.65,483.2313785,0.094255685,17001.20535,15994.95634,,288.35,473.3656121,1850.7,1162.032806
1850.95,479.5684633,0.09409,17014.63543,16010.88853,,288.35,469.6856603,1851,1160.34283
1850.95,478.9102343,0.09468,17014.63543,16010.88853,,288.35,469.0884916,1851,1160.044246
1851.16,485.3789825,0.094006888,17024.03649,16022.04107,,242.25,477.0685708,1851.21,1164.139285
1851.16,484.859505,0.09336466,17024.03649,16022.04107,,242.25,476.4919284,1851.21,1163.850964
1851.645,487.7485247,0.0945,17045.74846,16047.79813,,233.88,479.7672251,1851.7,1165.733613
1851.645,491.6542724,0.09362,17045.74846,16047.79813,,233.88,483.5977661,1851.7,1167.648883
1852.325,484.7560473,0.09498,17076.0786,16085.18049,,226.28,477.0729689,1852.4,1164.736484
1852.925,477.988469,0.0959,17102.0637,16127.01867,,212.62,470.8385604,1853,1161.91928
1853.15,476.7022165,0.094671885,17111.80811,16142.70798,,194.24,470.0855984,1853.2,1161.642799
1853.15,475.8943398,0.094237888,17111.80811,16142.70798,,194.24,469.2472499,1853.2,1161.223625
1853.35,465.7587134,0.09452567,17120.46981,16156.65404,,194.24,459.1318605,1853.4,1156.26593
1853.35,471.0862603,0.09391791,17120.46981,16156.65404,,194.24,464.4165237,1853.4,1158.908262
1853.45,464.3046465,0.09541,17124.80066,16163.62707,,194.24,457.7390248,1853.5,1155.619512
1853.45,461.0882376,0.09584,17124.80066,16163.62707,,194.24,454.5525727,1853.5,1154.026286
1853.65,464.8273851,0.094966008,17133.46236,16177.57313,,217.73,457.4335712,1853.7,1155.566786
1853.65,465.0848705,0.094372421,17133.46236,16177.57313,,217.73,457.6445507,1853.7,1155.672275
1853.95,456.2268545,0.09532,17146.41148,16199.06219,,217.73,448.8603203,1854,1151.43016
1853.95,454.2775817,0.09529,17146.41148,16199.06219,,217.73,446.9091997,1854,1150.4546
1854.05,458.870675,0.095401891,17150.61204,16207.74512,,205.31,451.930482,1854.1,1153.015241
1854.05,464.1489008,0.095694996,17150.61204,16207.74512,,205.31,457.229965,1854.1,1155.664982
1854.35,454.1803951,0.09498,17162.73596,16240.06358,,194.96,447.5610724,1854.41,1150.985536
1854.35,453.8892571,0.09579,17162.73596,16240.06358,,194.96,447.3255808,1854.41,1150.86779
1854.625,463.3018652,0.09494572,17174.03776,16265.31303,,202.51,456.4234322,1854.68,1155.551716
1854.625,468.6060103,0.093998469,17174.03776,16265.31303,,202.51,461.6582613,1854.68,1158.169131
1854.95,463.1307725,0.09494,17188.23512,16278.85907,,202.51,456.2516304,1855,1155.625815
1854.95,462.8971503,0.09493,17188.23512,16278.85907,,202.51,456.0176282,1855,1155.508814
1855.45,469.2473987,0.09578,17210.31042,16300.48867,,222.91,461.7418745,1855.5,1158.620937
1855.45,464.0637434,0.0955,17210.31042,16300.48867,,222.91,456.536437,1855.5,1156.018218
1855.95,469.7827664,0.09398,17232.38571,16322.11827,,249.69,461.2145545,1856,1158.607277
1855.95,467.1024187,0.09389,17232.38571,16322.11827,,249.69,458.5256851,1856,1157.262843
1856.45,460.671627,0.09432,17254.46101,16343.74787,,251.27,452.0804533,1856.5,1154.290227
1856.45,460.130427,0.0946,17254.46101,16343.74787,,251.27,451.5643867,1856.5,1154.032193
1856.95,462.4074508,0.09347,17276.53631,16365.37748,,215.1,454.9863387,1857,1155.993169
1856.95,456.9181706,0.09385,17276.53631,16365.37748,,215.1,449.527024,1857,1153.263512
1857.35,462.4992139,0.09403,17294.19655,16382.68116,,266.19,453.3694807,1857.4,1155.38474
1857.35,463.6097218,0.09403,17294.19655,16382.68116,,266.19,454.4801681,1857.4,1155.940084
1857.75,448.8399851,0.09503,17311.85679,16399.98484,,265,439.8468636,1857.8,1148.823432
1857.75,449.0077333,0.09596,17311.85679,16399.98484,,265,440.1023533,1857.8,1148.951177
1858.5125,448.0126176,0.09574,17347.17795,16440.17041,,267.89125,438.9893825,1858.55,1148.769691
1858.925,449.162135,0.0959,17366.75158,16463.9336,,271.588125,440.0291503,1859,1149.514575
1859.45,446.1165061,0.09395,17391.66348,16494.17766,,238.5,437.9294392,1859.5,1148.71472
1859.45,450.2532874,0.09474,17391.66348,16494.17766,,238.5,442.1349337,1859.5,1150.817467
1859.945,455.8118459,0.0942,17415.15183,16522.69349,,263.66,446.7853262,1860,1153.392663
1859.945,451.3379753,0.09641,17415.15183,16522.69349,,263.66,442.5186805,1860,1151.25934
1860.45,443.4385128,0.09604,17439.1147,16551.7854,,199.86,436.7272744,1860.5,1148.613637
1860.45,450.2142408,0.09626,17439.1147,16551.7854,,199.86,443.51849,1860.5,1152.009245
1860.95,451.7591821,0.09507,17462.84032,16580.58926,,246.92,443.3829714,1861,1152.191486
1860.955,450.5036039,0.07386,17463.07757,16580.8773,,246.92,439.7222237,1861.01,1150.366112
1861.45,452.6182702,0.09527,17486.56593,16609.39313,,289.76,442.809567,1861.5,1152.154783
1861.45,448.0944303,0.09602,17486.56593,16609.39313,,289.76,438.362884,1861.5,1149.931442
1861.85,452.8562109,0.09452,17505.54642,16632.43623,,333.1127273,441.4902078,1861.9,1151.695104
1861.85,452.4725097,0.09399,17505.54642,16632.43623,,333.1127273,441.0429301,1861.9,1151.471465
1862.45,447.1945901,0.09626,17534.01715,16667.00087,,298.55,437.1924552,1862.5,1149.846228
1862.45,449.4338283,0.09565,17534.01715,16667.00087,,298.55,439.3682525,1862.5,1150.934126
1862.95,451.857693,0.09433,17557.74277,16695.80474,,227.13,444.0929481,1863,1153.546474
1862.95,445.9942511,0.09504,17557.74277,16695.80474,,227.13,438.2875696,1863,1150.643785
1863.35,439.3348667,0.09479,17576.72326,16718.84783,,259.22,430.515697,1863.4,1146.957849
1863.35,439.0665644,0.09389,17576.72326,16718.84783,,259.22,430.1631336,1863.4,1146.781567
1863.65,435.4501102,0.09563,17590.95863,16736.13015,,259.22,426.708627,1863.7,1145.204313
1863.65,438.9548945,0.09438,17590.95863,16736.13015,,259.22,430.0979205,1863.7,1146.89896
1864.45,433.832399,0.09577,17628.90593,16781.91859,,236.62,425.8643087,1864.5,1145.182154
1864.54,438.7178941,0.0949,17633.1576,16786.69101,,236.62,430.6768097,1864.59,1147.633405
1864.54,443.3475829,0.09498,17633.1576,16786.69101,,236.62,435.3134453,1864.59,1149.951723
1864.95,435.525972,0.09576,17652.48287,16807.48643,,189.82,429.1332463,1865,1147.066623
1864.95,437.6263519,0.0962,17652.48287,16807.48643,,189.82,431.2632887,1865,1148.131644
1865.45,436.098677,0.09595,17676.03937,16832.60929,,170.43,430.3703205,1865.5,1147.93516
1865.95,435.6784693,0.09576,17699.59587,16857.73214,,198.9963636,428.9766239,1866,1147.488312
1865.95,445.1878438,0.09506,17699.59587,16857.73214,,198.9963636,438.436557,1866,1152.218279
1866.45,435.6144652,0.09549,17723.15237,16882.85499,,177.1818182,429.6307163,1866.5,1148.065358
1866.45,438.9279821,0.09527,17723.15237,16882.85499,,177.1818182,432.9302522,1866.5,1149.715126
1866.95,437.1402986,0.09587,17746.70887,16907.97785,,169.31,431.4451744,1867,1149.222587
1866.95,442.2310557,0.09591,17746.70887,16907.97785,,169.31,436.5379773,1867,1151.768989
1867.43,431.8613676,0.09612,17769.2232,16932.04853,,133.54,427.3809534,1867.48,1147.430477
1867.43,432.3736981,0.09569,17769.2232,16932.04853,,133.54,427.8729423,1867.48,1147.676471
1867.95,437.0985121,0.09589,17792.75141,16957.71723,,156.75,431.8266826,1868,1149.913341
1867.95,434.5483558,0.09618,17792.75141,16957.71723,,156.75,429.2925373,1868,1148.646269
1868.37,428.4149898,0.0957,17811.70628,16978.42661,,152.76,423.2673561,1868.42,1145.843678
1868.37,435.1529503,0.09542,17811.70628,16978.42661,,152.76,429.9903657,1868.42,1149.205183
1868.95,427.7061432,0.09433,17837.88206,17007.02529,,166.0645455,422.0288189,1869,1145.514409
1868.95,430.8933118,0.09505,17837.88206,17007.02529,,166.0645455,425.2587454,1869,1147.129373
1869.35,431.5357027,0.09499,17855.93432,17026.74851,,177.91,425.4954694,1869.4,1147.447735
1869.35,431.5144423,0.09463,17855.93432,17026.74851,,177.91,425.4511652,1869.4,1147.425583
1869.75,427.6287024,0.09661,17873.98658,17046.47174,,210.13,420.6146283,1869.8,1145.207314
1869.75,437.0316775,0.09578,17873.98658,17046.47174,,210.13,429.9565512,1869.8,1149.878276
1870.45,423.3610255,0.09507,17905.57804,17080.98738,,123.4,419.1749671,1870.5,1144.837484
1870.45,424.1506925,0.09511,17905.57804,17080.98738,,123.4,419.9665768,1870.5,1145.233288
1870.95,416.2221844,0.09507,17928.14336,17105.64141,,101.09,412.7931055,1871,1141.896553
1870.95,419.9295328,0.09439,17928.14336,17105.64141,,101.09,416.475561,1871,1143.73778
1871.17,419.8210416,0.09536,17938.07211,17116.48919,,101.09,416.4022938,1871.23,1143.816147
1871.17,420.8596644,0.09527,17938.07211,17116.48919,,101.09,417.4377905,1871.23,1144.333895
1871.925,414.1263479,0.09631,17972.14575,17153.71678,,163.358125,408.6565603,1872,1140.32828
1872.45,422.4218415,0.0946,17995.83934,17179.60351,,157.8672727,417.0400735,1872.5,1144.770037
1872.45,419.3247509,0.09562,17995.83934,17179.60351,,157.8672727,414.000584,1872.5,1143.250292
1872.95,414.0407825,0.0936,18018.45623,17205.10626,,211.4127273,406.7564032,1873,1139.878202
1872.95,416.986253,0.09336,18018.45623,17205.10626,,211.4127273,409.6836616,1873,1141.341831
1873.475,419.6880647,0.09507,18042.69126,17239.90449,,187.434375,413.3296976,1873.55,1143.439849
1873.8875,420.7974969,0.09661,18061.73307,17267.24597,,181.12375,414.7515038,1873.93,1144.338252
1874.5125,420.8185706,0.09634,18090.5843,17308.67244,,229.27,413.1435385,1874.55,1143.846769
1874.925,418.3651981,0.09574,18109.62611,17336.01392,,209.2675,411.3160657,1875,1143.158033
1875.4375,415.312901,0.09714,18133.28411,17369.98363,,184.27,409.1955264,1875.48,1142.335263
1875.8875,419.794958,0.09557,18154.05699,17399.81069,,243.65,411.5731488,1875.93,1143.749074
1876.45,414.2620092,0.09631,18180.0231,17437.09451,,226.09,406.6916388,1876.5,1141.595819
1876.95,408.7675869,0.09681,18203.06487,17469.79977,,184.85,402.6100861,1877,1139.805043
1876.95,408.6997485,0.09657,18203.06487,17469.79977,,184.85,402.5266865,1877,1139.763343
1877.45,412.4118377,0.09788,18225.13987,17491.75542,,160.56,407.1218578,1877.5,1142.310929
1877.45,408.4107447,0.09664,18225.13987,17491.75542,,160.56,403.0526552,1877.5,1140.276328
1877.65,406.6946608,0.096142273,18233.96239,17500.45446,,149.9418182,401.6651376,1877.7,1139.682569
1877.65,410.7556838,0.09547781,18233.96239,17500.45446,,149.9418182,405.6911585,1877.7,1141.695579
1877.95,410.0749729,0.10325,18247.19616,17513.50302,,145.96,405.5159347,1878,1141.757967
1877.95,404.2467887,0.0955,18247.19616,17513.50302,,145.96,399.317746,1878,1138.658873
1878.45,404.9487745,0.09629,18269.25245,17535.25061,,157.62,399.6696789,1878.5,1139.084839
1878.45,402.9189136,0.09649,18269.25245,17535.25061,,157.62,397.6506999,1878.5,1138.07535
1878.65,414.6855343,0.094902695,18278.07496,17543.94965,,143.47,409.8102383,1878.7,1144.255119
1878.65,408.5858691,0.094243583,18278.07496,17543.94965,,143.47,403.6764768,1878.7,1141.188238
1878.95,404.893632,0.09698,18291.30873,17556.99821,,143.47,400.1230056,1879,1139.561503
1878.95,410.4517973,0.09592,18291.30873,17556.99821,,143.47,405.6280201,1879,1142.31401
1879.15,403.3681948,0.095043289,18300.13125,17565.69725,,156.7736364,398.0487047,1879.2,1138.624352
1879.15,406.072076,0.095775632,18300.13125,17565.69725,,156.7736364,400.7932611,1879.2,1139.996631
1879.35,406.1271161,0.09823,18308.95376,17574.39628,,159.73,400.8833284,1879.4,1140.141664
1879.35,404.7259728,0.09722,18308.95376,17574.39628,,159.73,399.4273989,1879.4,1139.413699
1879.64,404.2363435,0.0971,18321.74641,17587.00989,,143.1254545,399.4826791,1879.69,1139.58634
1879.64,401.6903731,0.09634,18321.74641,17587.00989,,143.1254545,396.899218,1879.69,1138.294609
1880.175,400.6950608,0.096210014,18345.34664,17610.27982,,125.3583333,396.4931062,1880.23,1138.361553
1880.175,404.5553262,0.095930112,18345.34664,17610.27982,,125.3583333,400.3411113,1880.23,1140.285556
1880.45,397.1813935,0.09761,18357.4776,17622.241,,126.9,392.9888401,1880.5,1136.74442
1880.45,398.164126,0.09655,18357.4776,17622.241,,126.9,393.9254433,1880.5,1137.212722
1880.65,399.1452743,0.09529227,18366.30011,17630.94003,,131.4563636,394.6964796,1880.7,1137.69824
1880.65,406.5699667,0.094655941,18366.30011,17630.94003,,131.4563636,402.0912647,1880.7,1141.395632
1880.95,403.5287965,0.09596,18379.53388,17643.98859,,151.96,398.4220537,1881,1139.711027
1880.95,405.4030894,0.09483,18379.53388,17643.98859,,151.96,400.2353625,1881,1140.617681
1881.16,400.2657156,0.095633609,18388.79752,17653.12258,,153.8781818,395.0767005,1881.21,1138.14335
1881.16,399.0760067,0.095874075,18388.79752,17653.12258,,153.8781818,393.9000065,1881.21,1137.555003
1881.45,399.8298955,0.09474,18401.59017,17665.73619,,162.51,394.2980109,1881.5,1137.899005
1881.665,398.1909177,0.099463132,18411.07437,17675.08765,,159.8925,393.0066862,1881.7,1137.353343
1881.95,410.716174,0.08,18423.64646,17687.48378,,152.04,404.5874175,1882,1143.293709
1882.9625,395.8932093,0.09663,18468.31044,17731.52266,,166.11,390.3492728,1883,1136.674636
1883.38,391.6095761,0.095679159,18486.80704,17749.64331,,167.67,385.9581709,1883.42,1134.689085
1883.925,396.3528381,0.0942,18513.02056,17772.29501,,289.24,386.4506488,1884,1135.225324
1884.8875,392.7237847,0.096816485,18559.31867,17812.29741,,136.6615741,388.1716454,1885.425,1136.798323
1884.925,400.1710998,0.09508,18561.12249,17813.85595,,153.781875,394.9551066,1885,1139.977553
1885.3875,397.5702683,0.095831603,18583.36964,17833.07788,,124.63,393.3762312,1885.425,1139.400616
1885.8875,389.0667888,0.09774,18607.4206,17853.85835,,127.58,384.8571878,1885.93,1135.391094
1886.295,390.3025128,0.093188597,18627.02214,17870.79443,,116.31,386.2774495,1886.32,1136.298725
1886.95,394.9294632,0.09361,18658.52891,17898.01684,,128.2,390.5128495,1887,1138.756425
1887.35,395.9292125,0.094743191,18677.76968,17914.64122,,140.7281818,391.1390362,1887.4,1139.269518
1887.35,392.7266157,0.094730899,18677.76968,17914.64122,,140.7281818,387.9358178,1887.4,1137.667909
1887.85,394.4424407,0.09356,18701.82064,17935.42169,,136.95,389.7217525,1887.9,1138.810876
1887.85,392.6844578,0.0948,18701.82064,17935.42169,,136.95,388.0258776,1887.9,1137.962939
1888.8875,397.9654366,0.09521,18751.7264,17978.54116,,142.14,393.1511683,1888.93,1141.038084
1889.8875,393.2443965,0.09391,18799.82833,18020.10209,,171.8,387.3445088,1889.93,1138.634754
1890.65,402.7162725,0.07792,18836.50606,18051.79231,,148.45,396.5726203,1890.7,1143.63631
1890.65,398.9611472,0.09517,18836.50606,18051.79231,,148.45,393.9309264,1890.7,1142.315463
1891.95,399.9438095,0.09299,18899.03857,18105.82152,,223.36,392.1976288,1892,1142.098814
1891.95,395.6276619,0.09375,18899.03857,18105.82152,,223.36,387.9445078,1892,1139.972254
1892.9625,393.3310909,0.09527,18947.74178,18147.90197,,147.41,388.3411236,1893,1140.670562
1893.95,388.0435616,0.09481,18995.24243,18188.9434,,143.2572727,383.1709834,1894,1138.585492
1893.95,391.7009499,0.09545,18995.24243,18188.9434,,143.2572727,386.8605967,1894,1140.430298
1894.95,385.1746513,0.0957,19043.24295,18230.59344,,135.7136364,380.601546,1895,1137.800773
1895.95,389.7798429,0.09433,19088.54827,18274.61142,,219.49,382.2762992,1896,1139.13815
1895.95,390.1358689,0.07803,19088.54827,18274.61142,,219.49,381.0641974,1896,1138.532099
1896.95,387.8414018,0.09414,19133.78418,18318.6904,,127.33,383.4797055,1897,1140.239853
1896.95,392.1269298,0.0947,19133.78418,18318.6904,,127.33,387.7909,1897,1142.39545
1897.95,388.6918014,0.09638,19179.02008,18362.76938,,140.3572727,383.995223,1898,1140.997611
1897.95,385.6513699,0.09645,19179.02008,18362.76938,,140.3572727,380.9583806,1898,1139.47919
1898.95,393.4891997,0.09518,19224.25599,18406.84836,,166.95,387.8324812,1899,1143.416241
1898.95,393.4991707,0.09553,19224.25599,18406.84836,,166.95,387.8632933,1899,1143.431647
1899.7725,387.916101,0.09513,19261.46252,18443.10331,,131.53,383.4571005,1899.83,1141.64105
1900.95,387.4415932,0.09475,19314.72779,18495.00631,,121.66,383.3006987,1901,1142.150349
1900.95,389.610646,0.09491,19314.72779,18495.00631,,121.66,385.4767516,1901,1143.238376
1901.85,392.8145399,0.092982011,19355.44011,18534.67739,,207.1536364,385.6297833,1901.9,1143.764892
1901.85,394.6535611,0.092941748,19355.44011,18534.67739,,207.1536364,387.465692,1901.9,1144.682846
1903.05,390.9138232,0.09579867,19409.72319,18587.57216,,146.19,385.9925598,1903.1,1144.54628
1903.05,390.2344064,0.095259616,19409.72319,18587.57216,,146.19,385.2852945,1903.1,1144.192647
1904.34,389.3069337,0.094923332,19468.07751,18644.43404,,138.45,384.6032467,1904.39,1144.496623
1904.34,389.0311889,0.095664284,19468.07751,18644.43404,,138.45,384.3639335,1904.39,1144.376967
1906.34,389.795154,0.093822734,19558.54931,18732.592,,131.8,385.2648666,1906.39,1145.827433
1906.34,398.4849192,0.09381072,19558.54931,18732.592,,131.8,393.9540516,1906.39,1150.172026
1907.47,391.858754,0.094838948,19609.66589,18782.40124,,165.6818182,386.2248875,1907.52,1146.872444
1907.47,395.0598367,0.095354527,19609.66589,18782.40124,,165.6818182,389.4564323,1907.52,1148.488216
1908.15,391.0140762,0.093605981,19640.4263,18812.37495,,135.93,386.3310116,1908.2,1147.265506
1908.15,391.9762747,0.093339698,19640.4263,18812.37495,,135.93,387.2798501,1908.2,1147.739925
1909.05,388.8600326,0.09459775,19681.13861,18852.04603,,223.21,381.2506176,1909.1,1145.175309
1909.05,392.0709377,0.094116286,19681.13861,18852.04603,,223.21,384.4225957,1909.1,1146.761298
1911.05,391.9618968,0.09401163,19771.61042,18940.20398,,121.4254545,387.796594,1911.1,1149.448297
1911.05,387.9116965,0.093772637,19771.61042,18940.20398,,121.4254545,383.7357778,1911.1,1147.417889
1913.27,391.3874515,0.095616059,19872.03413,19038.05931,,156.47,386.1100678,1913.32,1149.715034
1913.27,404.5703261,0.095351836,19872.03413,19038.05931,,156.47,399.2783186,1913.32,1156.299159
1915.45,392.2061854,0.094933103,19970.6484,19134.15148,,180.35,386.0796224,1915.5,1150.789811
1915.45,388.8821573,0.095476705,19970.6484,19134.15148,,180.35,382.7904763,1915.5,1149.145238
1917.2,390.6920947,0.097178852,20049.81123,19211.28969,,226.58,383.1729536,1917.25,1150.211477
1917.2,392.7275086,0.09779623,20049.81123,19211.28969,,226.58,385.2558351,1917.25,1151.252918
1919.15,390.6998415,0.094051935,20138.02124,19297.2437,,237.74,382.5480521,1919.2,1150.874026
1919.15,391.262815,0.094942194,20138.02124,19297.2437,,237.74,383.1874637,1919.2,1151.193732
1921.225,393.5451071,0.095113938,20231.88574,19388.70758,,214.7863636,386.2625991,1921.275,1153.7688
1921.225,398.1199817,0.095360231,20231.88574,19388.70758,,214.7863636,390.8562826,1921.275,1156.065641
1923.2,398.1629073,0.094694637,20321.22665,19475.76356,,143.18,393.2867759,1923.25,1158.268388
1925.2,389.9361537,0.095491407,20411.69846,19563.92151,,130.87,385.516439,1925.25,1155.383219
1925.4,392.3778794,0.08841124,20420.74564,19572.73731,,130.87,387.6042242,1925.45,1156.527112
1925.4,391.9452176,0.096012748,20420.74564,19572.73731,,130.87,387.5495015,1925.45,1156.499751
1927.35,390.0667901,0.095000716,20508.95565,19658.69132,,203.9272727,383.144228,1927.4,1155.272114
1927.35,387.6056932,0.09443484,20508.95565,19658.69132,,203.9272727,380.6416494,1927.4,1154.020825
1928.95,390.7007346,0.094736378,20581.3331,19729.21768,,187.5572727,384.3161072,1929,1156.658054
1928.95,383.5098719,0.094474174,20581.3331,19729.21768,,187.5572727,377.1075245,1929,1153.053762
1932.73,382.7428142,0.098058931,20752.32482,19895.83621,,150.02,377.8090268,1932.78,1155.294513
1932.73,383.7314968,0.098167241,20752.32482,19895.83621,,150.02,378.803153,1932.78,1155.791576
1934.05,389.5727512,0.097501282,20812.03621,19954.02046,,151.43,384.5641089,1934.1,1159.332054
1934.05,385.3036519,0.097071212,20812.03621,19954.02046,,151.43,380.2728189,1934.1,1157.186409
1936.34,389.5516554,0.095352636,20915.62643,20054.96132,,188.19,383.1868919,1936.39,1159.788446
1936.34,391.0847544,0.094937799,20915.62643,20054.96132,,188.19,384.6921797,1936.39,1160.54109
1938.75,380.0670853,0.095955147,21024.85758,20161.50864,,242.08,371.9311205,1938.8,1155.36556
1938.75,384.1534852,0.096780356,21024.85758,20161.50864,,242.08,376.0868926,1938.8,1157.443446
1940.85,387.3670998,0.096428757,21133.0177,20273.70103,,144.0427273,382.5498053,1940.9,1161.724903
1940.85,396.9447057,0.096045772,21133.0177,20273.70103,,144.0427273,392.1082021,1940.9,1166.504101
1942.85,388.7448921,0.096480131,21236.21181,20380.82595,,175.53,382.8776785,1942.9,1162.888839
1942.85,394.4766762,0.096371846,21236.21181,20380.82595,,175.53,388.6028701,1942.9,1165.751435
1945.415,389.1450379,0.096453028,21368.55825,20518.21366,,207.9,382.1938816,1945.465,1163.829441
1945.415,392.8091534,0.095579723,21368.55825,20518.21366,,207.9,385.7944849,1945.465,1165.629742
1946.65,385.77366,0.096562833,21432.28715,20584.02643,,264.86,376.9281107,1946.7,1161.814055
1946.65,380.5313887,0.097181355,21432.28715,20584.02643,,264.86,371.7421379,1946.7,1159.221069
1949.45,386.8827887,0.096666075,21577.23979,20709.20742,,216.3463636,379.6651698,1949.5,1164.582585
1949.45,382.9036081,0.096239441,21577.23979,20709.20742,,216.3463636,375.6539932,1949.5,1162.576997
1951.6,390.8746557,0.094812456,21688.5452,20805.20052,,215.3563636,383.5496032,1951.65,1167.599802
1951.6,392.3786034,0.095375906,21688.5452,20805.20052,,215.3563636,385.0968249,1951.65,1168.373412
1953.05,395.0132522,0.097044859,21763.61163,20869.94005,,293.23,385.2688703,1953.1,1169.184435
1953.05,396.1132118,0.096823121,21763.61163,20869.94005,,293.23,386.346514,1953.1,1169.723257
1954.35,385.8900954,0.095844351,21830.91257,20927.98239,,264.7,376.9836204,1954.4,1165.69181
1954.35,391.6038416,0.095745135,21830.91257,20927.98239,,264.7,382.6881373,1954.4,1168.544069
1962.95,391.4750356,0.097193389,22276.13419,21311.95478,,187.84,385.242428,1963,1174.121214
1962.95,382.0295737,0.098708554,22276.13419,21311.95478,,187.84,375.8926359,1963,1169.446318
1964.75,385.341572,0.096766872,22369.32011,21392.3211,,174.05,379.5410677,1964.8,1172.170534
1966.65,391.9091148,0.096482662,22467.68303,21477.15221,,289.32,382.2386442,1966.7,1174.469322
1966.65,389.0560937,0.096294007,22467.68303,21477.15221,,289.32,379.3666772,1966.7,1173.033339
1968.75,376.8062436,0.095578773,22576.39993,21570.91291,,148.63,371.79133,1968.8,1170.295665
1968.75,379.8175434,0.09632675,22576.39993,21570.91291,,148.63,374.8415706,1968.8,1171.820785
1970.85,383.0807876,0.094892748,22685.11684,21664.67361,,197.65,376.3636812,1970.9,1173.631841
1970.85,373.3276314,0.095970116,22685.11684,21664.67361,,197.65,366.6859319,1970.9,1168.792966
1972.75,377.0464876,0.097140975,22783.47976,21749.50472,,174,371.2699817,1972.8,1172.034991
1972.75,372.676099,0.096958275,22783.47976,21749.50472,,174,366.8887084,1972.8,1169.844354
1974.95,370.0735554,0.097356929,22897.14452,21847.58195,,211.88,363.0551003,1975,1169.02755
1974.95,376.8203829,0.097541466,22897.14452,21847.58195,,211.88,369.8152059,1975,1172.407603
1976.85,373.3528335,0.098120274,22985.37783,21925.85853,,81.22,370.6833781,1976.9,1173.791689
1976.85,368.0790412,0.097839496,22985.37783,21925.85853,,81.22,365.4019251,1976.9,1171.150963
1979.25,379.3673076,0.095677574,23096.61811,22024.59683,,169.14,373.6662609,1979.3,1176.48313
1979.35,379.1118738,0.096946467,23101.25313,22028.71093,,169.14,373.4854458,1979.4,1176.442723
1981.295,380.7973548,0.09620973,23191.40411,22108.73009,,180.59,374.7440418,1981.345,1178.044521
1981.295,378.8179926,0.096625037,23191.40411,22108.73009,,180.59,372.7906975,1981.345,1177.067849
1983.05,385.1473723,0.09622771,23272.74856,22180.93247,,152.6445455,380.0317371,1983.1,1181.565869
1983.05,385.7606412,0.096334972,23272.74856,22180.93247,,152.6445455,380.6507018,1983.1,1181.875351
1985.48,382.7823463,0.098172191,23385.37935,22280.905,,74.2,380.3449068,1985.53,1182.937453
1985.48,384.3232783,0.098182293,23385.37935,22280.905,,74.2,381.8860896,1985.53,1183.708045
1986.95,391.3816309,0.095005079,23453.51402,22341.38221,,209.27,384.2780295,1987,1185.639015
1986.95,393.8953113,0.095986183,23453.51402,22341.38221,,209.27,386.864318,1987,1186.932159
1988.95,407.9743292,0.096516432,23546.3811,22424.09789,,603.33,387.8151851,1989,1188.407593
1988.95,399.4851571,0.095168646,23546.3811,22424.09789,,603.33,379.0405176,1989,1184.020259
1990.05,407.3776984,0.0964,23605.51564,22490.54111,,834.3372727,379.465883,1990.1,1184.782942
1990.05,408.5201305,0.07947,23605.51564,22490.54111,,834.3372727,374.6638722,1990.1,1182.381936
1991.055,419.3269052,0.09614,23659.83625,22552.00819,,641.5483333,397.8070478,1991.11,1194.458524
1991.055,416.6517639,0.09706,23659.83625,22552.00819,,641.5483333,395.3365143,1991.11,1193.223257
1992.55,401.923492,0.09632,23740.6411,22643.33891,,554.9145455,383.3441248,1992.6,1187.972062
1992.55,402.1832012,0.09622,23740.6411,22643.33891,,554.9145455,383.5841245,1992.6,1188.092062
1993.95,406.4168937,0.09669,23816.2727,22719.37519,,512.03,389.3389942,1994,1191.669497
1993.95,409.5530735,0.09743,23816.2727,22719.37519,,512.03,392.6045389,1994,1193.302269
1994.95,416.9868951,0.09476,23870.38573,22773.13265,,624.5490909,395.7328404,1995,1195.36642
1994.95,417.0548368,0.09569,23870.38573,22773.13265,,624.5490909,396.0057286,1995,1195.502864
1995.75,420.2776749,0.09553,23916.33825,22805.08517,,743.21,395.1892391,1995.8,1195.49462
1995.75,421.8978936,0.09534,23916.33825,22805.08517,,743.21,396.759655,1995.8,1196.279827
1996.95,411.938487,0.09423,23985.43328,22853.9523,,662.42,389.2682446,1997,1193.134122
1996.95,412.8620619,0.09402,23985.43328,22853.9523,,662.42,390.1406931,1997,1193.570347
1997.9,415.9548474,0.09431,24041.95116,22921.262,,706.6357143,391.7908341,1998,1194.895417
1997.95,415.9635839,0.09361,24044.92901,22924.85549,,695,392.0199549,1998,1195.009977
1998.95,412.834991,0.09376,24104.48613,22996.72532,,467.93,396.7397483,1999,1197.869874
1998.95,414.3209736,0.09361,24104.48613,22996.72532,,467.93,398.2007348,1999,1198.600367
1999.925,412.7083643,0.09319,24162.55431,23066.7984,,324.148125,401.4908486,2000,1200.745424
2000.85,401.9263906,0.09388,24217.64464,23133.27799,,300.1181818,391.6166584,2000.9,1196.258329
2000.85,404.8006801,0.0945,24217.64464,23133.27799,,300.1181818,394.5592402,2000.9,1197.72962
2001.375,403.5780118,0.09414,24248.91213,23171.00965,,262.03,394.6019783,2001.45,1198.025989
2001.825,411.7335464,0.09263,24275.71283,23203.35107,,291.645,401.5801454,2001.9,1201.740073
2002.45,414.4718961,0.09207,24312.93603,23248.26971,,303.0609091,403.8564346,2002.5,1203.178217
2002.45,413.2815143,0.09281,24312.93603,23248.26971,,303.0609091,402.7510723,2002.5,1202.625536
2002.75,425.6853893,0.09439,24330.92581,23269.5262,,331.4281818,414.3615676,2002.8,1208.580784
2002.75,424.6413658,0.09455,24330.92581,23269.5262,,331.4281818,413.3372509,2002.8,1208.068625
2003.5125,419.2385985,0.09515,24379.78134,23315.77986,,336.44,407.8356054,2003.55,1205.692803
2003.9625,422.0127321,0.09705,24408.65926,23342.96504,,294.81,412.216477,2004,1208.108239
2004.4375,416.9453727,0.09637,24439.1415,23371.66051,,267.35,407.9991489,2004.475,1206.237074
2004.9,412.7744872,0.09619,24468.82158,23399.60084,,263.66125,403.9344736,2004.935,1204.434737
2005.45,410.9547685,0.09448,24504.11681,23432.82717,,265.78,401.8823551,2005.5,1203.691178
2005.45,404.3979164,0.09551,24504.11681,23432.82717,,265.78,395.4235698,2005.5,1200.461785
2005.95,404.8375074,0.09788,24536.20338,23463.03293,,250.75,396.5761744,2006,1201.288087
2005.95,402.5259662,0.09741,24536.20338,23463.03293,,250.75,394.2243551,2006,1200.112178
2006.4375,408.6450793,0.09556,24567.48779,23492.48355,,369,396.1922184,2006.475,1201.333609
2006.9625,404.4066977,0.09765,24601.17869,23524.19959,,355.29,392.673624,2007,1199.836812
2007.75,410.1937962,0.0952,24651.71504,23571.77366,,433.77,395.4991259,2007.8,1201.649563
2007.75,408.0781706,0.0956,24651.71504,23571.77366,,433.77,393.4461414,2007.8,1200.623071
2008.5125,410.2094518,0.0981,24700.64707,23617.83744,,453.78,395.2918663,2008.55,1201.920933
2008.9625,413.1842333,0.09648,24729.52498,23645.02262,,433.7075,398.6865979,2009,1203.843299
2009.45,412.2393648,0.1003,24760.80939,23674.47324,,307.4,402.3559674,2009.5,1205.927984
2009.45,409.7882362,0.09987,24760.80939,23674.47324,,307.4,399.8615894,2009.5,1204.680795
2009.95,411.3863079,0.09703,24792.89596,23704.679,,465.71,395.9083709,2010,1202.954185
2009.95,414.2878501,0.09746,24792.89596,23704.679,,465.71,398.8771401,2010,1204.43857
2010.4625,405.4272238,0.09671,24825.7847,23735.6399,,430.39,391.0759237,2010.5,1200.787962
2010.8875,408.3063876,0.09948,24853.05829,23761.31479,,306.55,398.3687856,2010.925,1204.646893
2011.35,414.1221586,0.09719,24882.73837,23789.25512,,537.81,396.2766551,2011.4,1203.838328
2011.95,407.7650211,0.09987,24921.24225,23825.50203,,229.94,400.3402379,2012,1206.170119
2012.45,411.9843736,0.09777,24953.32883,23855.70779,,262.2190909,403.3349938,2012.5,1207.917497
2012.45,412.5925988,0.09814,24953.32883,23855.70779,,262.2190909,403.9760431,2012.5,1208.238022
2012.95,416.050269,0.0961,24985.4154,23885.91355,,310.42,405.6326952,2013,1209.316348
2012.95,409.7432275,0.05856,24985.4154,23885.91355,,310.42,392.6483829,2013,1202.824191
2013.45,407.4113525,0.09664,25017.50197,23916.11931,,273.34,398.2903558,2013.5,1205.895178
2013.45,415.9936562,0.09715,25017.50197,23916.11931,,273.34,406.9205057,2013.5,1210.210253
2013.95,404.2936423,0.09772,25049.58854,23946.32506,,327.1809091,393.4959865,2014,1203.747993
2013.95,405.1209198,0.0987,25049.58854,23946.32506,,327.1809091,394.4306142,2014,1204.215307
2014.45,403.3751222,0.0963,25081.67512,23976.53082,,466.19,387.7630011,2014.5,1201.131501
2014.45,404.1403929,0.09703,25081.67512,23976.53082,,466.19,388.6461105,2014.5,1201.573055
2014.95,400.8993877,0.09589,25115.40131,24009.0211,,643.29,379.2646765,2015,1197.132338
2014.95,399.9698757,0.09717,25115.40131,24009.0211,,643.29,378.6208523,2015,1196.810426
2015.45,388.9736494,0.09614,25150.41578,24043.30636,,670.81,366.472231,2015.5,1190.986116
2015.45,391.3828223,0.06992,25150.41578,24043.30636,,670.81,360.4412183,2015.5,1187.970609
2015.95,396.0262235,0.07984,25185.43025,24077.59162,,526.2945455,374.767628,2016,1195.383814
2015.95,387.8691641,0.09643,25185.43025,24077.59162,,526.2945455,370.2678588,2016,1193.133929
2016.2875,380.0483093,0.09788,25209.06502,24100.73417,,559.75,361.6051899,2016.325,1188.965095
2016.9625,382.8943441,0.09694,25256.33456,24147.01928,,618.75,362.3098516,2017,1189.654926
2017.5125,378.9868288,0.09664,25294.85048,24184.73306,,644.3,357.486532,2017.55,1187.518266
2017.8875,384.9597109,0.09728,25321.11133,24210.44701,,629,364.1083808,2017.925,1191.01669
2018.55,391.9018644,0.09665,25367.5055,24255.87498,,699.8409091,368.550515,2018.6,1193.575257
2018.55,394.7096298,0.09783,25367.5055,24255.87498,,699.8409091,371.6389665,2018.6,1195.119483
2018.95,379.6381435,0.096,25395.51708,24283.30319,,601.89,359.4187341,2019,1189.209367
2019.4625,384.8760178,0.08324,25431.40691,24318.44558,,537.67,364.0458173,2019.5,1191.772909
2019.9625,390.3349969,0.09606,25466.42138,24352.73084,,652.5075,368.4301853,2020,1194.215093
2020.45,395.177386,0.09688,25500.56049,24386.15897,,596.66,375.316805,2020.5,1197.908402
2020.45,391.0510817,0.09854,25500.56049,24386.15897,,596.66,371.5233567,2020.5,1196.011678
2020.95,390.3875384,0.09561,25535.57496,24420.44423,,734.52,365.6110061,2021,1193.305503
2020.95,396.3839967,0.09558,25535.57496,24420.44423,,734.52,371.600826,2021,1196.300413
2021.9625,400.4692078,0.09492,25606.47927,24489.87188,,821.02125,372.5755605,2022,1197.28778
2022.45,398.5941738,0.09471,25640.61838,24523.30001,,898.9,367.9866568,2022.5,1195.243328
2022.45,403.2897797,0.09598,25640.61838,24523.30001,,898.9,373.0875465,2022.5,1197.793773
2022.9625,397.9137148,0.09621,25676.50821,24558.4424,,777.59,371.8487443,2023,1197.424372
2023.45,396.097503,0.09546,25710.64732,24591.87053,,854.38,367.2351489,2023.5,1195.367574
2023.45,395.2767132,0.09484,25710.64732,24591.87053,,854.38,366.2240136,2023.5,1194.862007
2023.95,392.7179532,0.09624,25745.66179,24626.15579,,860.7518182,363.8751628,2024,1193.937581
2023.95,392.4220712,0.09617,25745.66179,24626.15579,,860.7518182,363.5593302,2024,1193.779665
2024.45,388.8331387,0.0946,25780.57676,24660.1998,,694.7818182,365.1487053,2024.5,1194.824353
2024.45,387.4087109,0.09484,25780.57676,24660.1998,,694.7818182,363.7822821,2024.5,1194.141141
2024.8225,389.6630908,0.09566,25804.5558,24680.63446,,667.71,367.1539302,2024.875,1196.014465
2024.823,390.5268027,0.09623,25804.58785,24680.66156,,667.71,368.1493775,2024.876,1196.512689
2025.45,385.5027709,0.09617,25844.7824,24714.65154,,426.2,371.210733,2025.5,1198.355367
2025.45,384.0315513,0.09558,25844.7824,24714.65154,,426.2,369.651623,2025.5,1197.575812
2025.95,387.9149489,0.09511,25876.83547,24741.75678,,344.11,376.2470539,2026,1201.123527
2025.95,384.6214049,0.09538,25876.83547,24741.75678,,344.11,372.9864164,2026,1199.493208
2026.5125,388.4558885,0.09665,25912.89518,24772.25017,,327.45,377.5296445,2026.55,1202.039822
2026.9625,390.8917504,0.11619,25941.74294,24796.64489,,309.51,382.3014419,2027,1204.650721
2027.45,381.9316875,0.09629,25972.99469,24823.0725,,318.43,371.2665481,2027.5,1199.383274
2027.45,387.2410246,0.09541,25972.99469,24823.0725,,318.43,376.4776755,2027.5,1201.988838
2027.85,385.117103,0.09696,25998.63714,24844.7567,,272,376.0704235,2027.9,1201.985212
2027.85,384.047994,0.09776,25998.63714,24844.7567,,272,375.0749945,2027.9,1201.487497
2028.45,385.1382531,0.09512,26037.10083,24877.28299,,211.47,377.9685087,2028.5,1203.234254
2028.45,386.60638,0.09477,26037.10083,24877.28299,,211.47,379.410435,2028.5,1203.955218
2028.95,393.4388077,0.0949,26069.1539,24904.38823,,258.5345455,384.6527909,2029,1206.826395
2028.95,390.4854116,0.09526,26069.1539,24904.38823,,258.5345455,381.7334477,2029,1205.366724
2029.45,396.3602632,0.09618,26101.20697,24931.49347,,240.44,388.297905,2029.5,1208.898953
2029.45,387.1328604,0.09472,26101.20697,24931.49347,,240.44,378.9467777,2029.5,1204.223389
2029.95,388.475171,0.09644,26133.26004,24958.59871,,217.6,381.1990605,2030,1205.59953
2029.95,382.588689,0.09692,26133.26004,24958.59871,,217.6,375.3479631,2030,1202.673982
2030.55,391.9031288,0.09492,26171.72373,24991.125,,261.12,383.0317159,2030.6,1206.815858
2030.55,392.8369747,0.09467,26171.72373,24991.125,,261.12,383.9415034,2030.6,1207.270752
2030.95,391.4645682,0.09686,26197.36618,25012.80919,,256.32,382.9301645,2031,1206.965082
2031.45,388.0173537,0.09409,26229.41925,25039.91443,,182.67,381.7564188,2031.5,1206.628209
2031.45,385.7786099,0.09387,26229.41925,25039.91443,,182.67,379.5030389,2031.5,1205.501519
2031.95,391.3286815,0.09685,26261.47232,25067.01968,,208.3,384.3926232,2032,1208.196312
2031.95,384.5403716,0.09586,26261.47232,25067.01968,,208.3,377.5328294,2032,1204.766415
2032.45,380.3809874,0.09711,26293.52539,25094.12492,,335.42,369.2426137,2032.5,1200.871307
2032.45,382.8994657,0.0969,26293.52539,25094.12492,,335.42,371.7366731,2032.5,1202.118337
2032.95,377.4458856,0.09655,26325.57847,25121.23016,,310.6954545,367.0681298,2033,1200.034065
2032.95,375.5393984,0.09556,26325.57847,25121.23016,,310.6954545,365.0537385,2033,1199.026869
2033.45,376.1234971,0.09526,26357.84854,25148.78738,,354.86,364.1104095,2033.5,1198.805205
2033.45,377.0307769,0.09538,26357.84854,25148.78738,,354.86,365.0331032,2033.5,1199.266552
2033.85,380.9583399,0.09603,26387.02679,25177.83617,,335.76,369.6826122,2033.9,1201.791306
2033.85,376.3892019,0.09629,26387.02679,25177.83617,,335.76,365.1435504,2033.9,1199.521775
2034.45,388.1745528,0.09581,26430.85162,25221.52899,,281,378.716582,2034.5,1206.608291
2034.95,383.3909561,0.09415,26467.37231,25257.93968,,263.69,374.3587977,2035,1204.679399
2034.95,382.6359131,0.09443,26467.37231,25257.93968,,263.69,373.6306259,2035,1204.315313
2035.45,383.8143267,0.09692,26503.893,25294.35036,,280.03,374.4963672,2035.5,1204.998184
2035.45,382.1216693,0.0961,26503.893,25294.35036,,280.03,372.7248899,2035.5,1204.112445
2035.45,382.2701601,0.0953,26503.893,25294.35036,,280.03,372.7944244,2035.5,1204.147212
2035.95,388.0407469,0.09538,26540.41369,25330.76105,,217.6609091,380.6811159,2036,1208.340558
2035.95,382.584931,0.09528,26540.41369,25330.76105,,217.6609091,375.2175703,2036,1205.608785
2036.45,382.2043265,0.09736,26576.93438,25367.17174,,213,375.1488423,2036.5,1205.824421
2036.45,378.9523204,0.09619,26576.93438,25367.17174,,213,371.8111724,2036.5,1204.155586
2036.845,380.2510841,0.0967,26605.78572,25395.93618,,213.6718182,373.1249889,2036.895,1205.009994
2036.845,380.740851,0.09684,26605.78572,25395.93618,,213.6718182,373.6252608,2036.895,1205.26013
2037.45,390.259619,0.09579,26649.97576,25439.99311,,285.2727273,380.655679,2037.5,1209.077839
2037.95,387.7260898,0.09592,26686.49645,25476.4038,,301.1645455,377.6007655,2038,1207.800383
2037.95,385.2097655,0.09504,26686.49645,25476.4038,,301.1645455,374.9903687,2038,1206.495184
2038.45,380.2196419,0.0959,26723.01714,25512.81448,,283.24,370.6952905,2038.5,1204.597645
2038.45,377.5341857,0.09494,26723.01714,25512.81448,,283.24,367.9127027,2038.5,1203.206351
2038.95,383.0136758,0.09553,26759.53783,25549.22517,,299.7081818,372.8958217,2039,1205.947911
2038.95,374.5902079,0.09592,26759.53783,25549.22517,,299.7081818,364.5136162,2039,1201.756808
2039.4,370.6854323,0.09512,26792.13434,25582.06757,,297.41,360.6018908,2039.45,1200.025945
2039.4,367.646459,0.09483,26792.13434,25582.06757,,297.41,357.5320564,2039.45,1198.491028
2039.85,373.0577657,0.09465,26821.32944,25615.8198,,235.0254545,365.0495613,2039.9,1202.474781
2039.85,373.2864678,0.09516,26821.32944,25615.8198,,235.0254545,365.3213052,2039.9,1202.610653
2040.45,380.2281031,0.09614,26859.89342,25660.91981,,262.8672727,371.4108249,2040.5,1205.955412
2040.45,375.5862571,0.09681,26859.89342,25660.91981,,262.8672727,366.8300053,2040.5,1203.665003
2040.95,376.0548723,0.0958,26892.03008,25698.50315,,240.27,367.9662439,2041,1204.483122
2040.95,369.3263887,0.09637,26892.03008,25698.50315,,240.27,361.2864065,2041,1201.143203
2041.2475,369.626113,0.09523,26911.15139,25720.86524,,283.91,360.0113665,2041.285,1200.648183
2041.7875,368.9368273,0.09739,26945.85897,25761.45525,,227.14,361.4150717,2041.825,1201.620036
2042.4375,374.6764012,0.09705,26987.63662,25810.3136,,245.5,366.5187106,2042.475,1204.496855
2042.8775,377.9270659,0.09847,27015.91688,25843.38694,,205.4325,371.1988671,2042.915,1207.056934
2043.45,387.2887756,0.09456,27052.71335,25886.41987,,195.4572727,380.623126,2043.5,1212.061563
2043.45,376.226072,0.09516,27052.71335,25886.41987,,195.4572727,369.6023393,2043.5,1206.55117
2043.9675,386.605511,0.0965,27085.97478,25925.31863,,210.69,379.5643617,2044.035,1211.799681
2043.9675,370.9828753,0.09609,27085.97478,25925.31863,,210.69,363.911676,2044.035,1203.973338
2044.7875,374.6165166,0.09631,27138.6789,25986.95532,,203,367.8188882,2044.825,1206.321944
2045.4375,374.0417557,0.09768,27180.45655,26035.81367,,167.13,368.5240449,2045.475,1206.999522
2045.8875,380.3731019,0.09671,27209.37954,26069.63867,,223.41,372.9233706,2045.925,1209.424185
2046.45,378.4962504,0.09518,27245.53327,26111.91994,,239.0009091,370.3979924,2046.5,1208.448996
2046.45,377.3935703,0.0941,27245.53327,26111.91994,,239.0009091,369.2031126,2046.5,1207.851556
2046.95,387.4718553,0.09709,27277.66993,26149.50328,,268.24,378.5619598,2047,1212.78098
2046.95,385.2300354,0.09682,27277.66993,26149.50328,,268.24,376.2949963,2047,1211.647498
2047.4375,380.8594584,0.09771,27309.00317,26186.14704,,266.73,372.0560983,2047.475,1209.765549
2047.8875,377.6217407,0.09566,27337.92615,26219.97205,,208.2,370.6031926,2047.925,1209.264096
2048.85,380.6331179,0.09662,27399.78921,26292.31999,,194.26,374.1492235,2048.9,1211.524612
2048.85,381.7885033,0.09585,27399.78921,26292.31999,,194.26,375.2525571,2048.9,1212.076279
2049.45,375.8254552,0.09688,27438.3532,26337.42,,144.1554545,371.0267542,2049.5,1210.263377
2049.45,370.1273269,0.0953,27438.3532,26337.42,,144.1554545,365.2489972,2049.5,1207.374499
2049.95,369.660836,0.09863,27470.48985,26375.00334,,81,367.0123735,2050,1208.506187
2049.95,368.4999394,0.09898,27470.48985,26375.00334,,81,365.8608911,2050,1207.930446
2052.45,378.7884665,0.098224468,27631.17312,26562.92006,,49.76,377.1547409,2052.5,1214.82737
2052.45,379.1543521,0.098725748,27631.17312,26562.92006,,49.76,377.5289217,2052.5,1215.014461
2052.95,376.4502623,0.098189799,27663.30978,26600.50341,,42.66,375.0491501,2053,1214.024575
2052.95,382.010232,0.098073731,27663.30978,26600.50341,,42.66,380.6074616,2053,1216.803731
2053.435,378.4003884,0.097815173,27694.48233,26636.95925,,42.52,376.9985258,2053.47,1215.234263
2054.45,384.5513155,0.097694827,27759.71974,26713.25344,,50.84,382.873082,2054.5,1218.686541
2054.45,385.4411015,0.097425035,27759.71974,26713.25344,,50.84,383.7582206,2054.5,1219.12911
2054.9,387.9808319,0.097528608,27788.64273,26747.07845,,37.97,386.7253021,2054.95,1220.837651
2054.9,387.1735716,0.097842687,27788.64273,26747.07845,,37.97,385.9220722,2054.95,1220.436036
2055.435,392.0313671,0.098796868,27823.02895,26787.29263,,39.405,390.7451136,2055.47,1223.107557
2056.35,391.1117736,0.098233042,27881.83903,26856.07015,,65.36,388.9660544,2056.4,1222.683027
2056.35,396.7404068,0.098985283,27881.83903,26856.07015,,65.36,394.6109941,2056.4,1225.505497
2056.75,391.6968749,0.096657481,27907.54835,26886.13682,,184.36,385.5458192,2056.8,1221.17291
2056.75,387.2949609,0.096543483,27907.54835,26886.13682,,184.36,381.1366422,2056.8,1218.968321
2058.45,407.6225392,0.097383713,28016.81298,27013.92019,,329.38,396.7149361,2058.5,1227.607468
2058.45,402.451051,0.097223474,28016.81298,27013.92019,,329.38,391.5254705,2058.5,1225.012735
2058.95,407.3233495,0.099039067,28048.94963,27051.50354,,269.59,398.5449435,2059,1228.772472
2058.95,404.3474269,0.098638431,28048.94963,27051.50354,,269.59,395.5333659,2059,1227.266683
2059.435,404.3207049,0.099911215,28080.12219,27087.95938,,384.03375,391.9249328,2059.47,1225.697466
2059.965,401.7510979,0.099646415,28114.18704,27127.79772,,346.905,390.5240051,2060,1225.262003
2060.97,406.0235536,0.098483023,28178.78171,27203.34025,,331,395.1846575,2061,1228.092329
2061.45,402.1575353,0.097484922,28209.6329,27239.42026,,360.5,390.2317701,2061.5,1225.865885
2061.45,399.4789987,0.099183624,28209.6329,27239.42026,,360.5,387.7574843,2061.5,1224.628742
2061.95,408.2685984,0.097059526,28241.76956,27277.0036,,316.37,397.7568355,2062,1229.878418
2061.95,405.3595916,0.097634056,28241.76956,27277.0036,,316.37,394.9096854,2062,1228.454843
2062.45,407.2247395,0.095276243,28273.90621,27314.58694,,344.32,395.5701749,2062.5,1229.035087
2062.45,405.8831585,0.095336645,28273.90621,27314.58694,,344.32,394.2359778,2062.5,1228.367989
2062.95,418.7923449,0.094391525,28306.04286,27352.17029,,399.33,405.1491097,2063,1234.074555
2062.95,408.9801189,0.09435494,28306.04286,27352.17029,,399.33,395.3315937,2063,1229.165797
2063.45,412.2489073,0.093794961,28338.17952,27389.75363,,406.7772727,398.2628404,2063.5,1230.88142
2063.45,411.9174808,0.094023926,28338.17952,27389.75363,,406.7772727,397.9654724,2063.5,1230.732736
2063.85,419.3395035,0.094096215,28366.22121,27411.51041,,530.72,401.1503818,2063.9,1232.525191
2063.85,418.8801237,0.092963228,28366.22121,27411.51041,,530.72,400.4693226,2063.9,1232.184661
2064.4,421.9126936,0.092221208,28407.14894,27432.98059,,434,406.7359935,2064.45,1235.592997
2064.4,413.4238265,0.092324794,28407.14894,27432.98059,,434,398.2641542,2064.45,1231.357077