num.,Location,(degree),(ka),(m),type,num.
1,Tahiti,-17.45,210.45,7.21,-0.5,5.1
2,Tahiti,-17.45,210.45,7.67,-4.1,5.1
3,Tahiti,-17.45,210.45,7.78,-5.6,5.1
4,Tahiti,-17.45,210.45,8.58,-18.8,5.1
5,Tahiti,-17.45,210.45,8.79,-14.5,5.1
6,Tahiti,-17.45,210.45,9.33,-22.8,5.1
7,Tahiti,-17.45,210.45,9.6,-25.1,5.1
8,Tahiti,-17.45,210.45,9.88,-27.8,5.2
9,Tahiti,-17.45,210.45,9.98,-30.1,5.2
10,Tahiti,-17.45,210.45,10.18,-36.5,5.2
11,Tahiti,-17.45,210.45,10.29,-34.4,5.2
12,Tahiti,-17.45,210.45,10.31,-34.5,5.2
13,Tahiti,-17.45,210.45,10.64,-42.3,5.2
14,Tahiti,-17.45,210.45,11.09,-43.3,5.2
15,Tahiti,-17.45,210.45,11.35,-51.3,5.2
16,Tahiti,-17.45,210.45,11.56,-57.3,5.2
17,Tahiti,-17.45,210.45,12,-52.5,10.1
18,Tahiti,-17.45,210.45,12.77,-60.4,10.1
19,Tahiti,-17.45,210.45,12.78,-61,10.1
20,Tahiti,-17.45,210.45,12.94,-61.5,10.1
21,Tahiti,-17.45,210.45,12.95,-63.9,5.3
22,Tahiti,-17.45,210.45,12.98,-63,10.1
23,Tahiti,-17.45,210.45,13.14,-64.1,10.1
24,Tahiti,-17.45,210.45,13.6,-67.1,10.1
25,Tahiti,-17.45,210.45,13.84,-70,5.3
26,Tahiti,-17.45,210.45,14.3,-83.2,5.3
27,Tahiti,-17.45,210.45,14.35,-98.6,5.3
28,Tahiti,-17.45,210.45,14.52,-94.2,10.2
29,Tahiti,-17.45,210.45,14.64,-100.2,5.3
30,Tahiti,-17.45,210.45,14.99,-99.2,10.2
31,Tahiti,-17.45,210.45,15.15,-102.2,10.2
32,Tahiti,-17.45,210.45,15.18,-103.1,10.2
33,Tahiti,-17.45,210.45,15.51,-105.5,10.2
34,Tahiti,-17.45,210.45,16.02,-112,5.4
35,Kiritimati,1.98,202.52,0.09,-0.1,0.1
36,Kiritimati,1.98,202.52,0.09,-0.1,0.1
37,Kiritimati,1.98,202.52,0.119,-0.1,0.1
38,Kiritimati,1.98,202.52,0.184,-0.1,0.1
39,Kiritimati,1.98,202.52,0.591,0,0.1
40,Kiritimati,1.98,202.52,0.607,-0.1,0.1
41,Kiritimati,1.98,202.52,0.61,0,0.1
42,Kiritimati,1.98,202.52,0.614,0,0.1
43,Kiritimati,1.98,202.52,0.644,0,0.1
44,Kiritimati,1.98,202.52,0.675,0,0.1
45,Kiritimati,1.98,202.52,0.723,0,0.1
46,Kiritimati,1.98,202.52,0.749,-0.1,0.1
47,Kiritimati,1.98,202.52,1.059,0,0.1
48,Kiritimati,1.98,202.52,1.123,0.1,0.1
49,Kiritimati,1.98,202.52,1.28,-0.1,0.1
50,Kiritimati,1.98,202.52,1.408,-0.3,0.1
51,Kiritimati,1.98,202.52,1.432,0,0.1
52,Kiritimati,1.98,202.52,1.467,0.2,0.1
53,Kiritimati,1.98,202.52,1.477,0.1,0.1
54,Kiritimati,1.98,202.52,1.49,0,0.1
55,Kiritimati,1.98,202.52,1.496,0,0.1
56,Kiritimati,1.98,202.52,1.54,0.1,0.1
57,Kiritimati,1.98,202.52,1.565,0.1,0.1
58,Kiritimati,1.98,202.52,1.571,0.2,0.1
59,Kiritimati,1.98,202.52,1.583,0,0.1
60,Kiritimati,1.98,202.52,1.599,0,0.1
61,Kiritimati,1.98,202.52,1.599,0.1,0.1
62,Kiritimati,1.98,202.52,1.628,-0.2,0.1
63,Kiritimati,1.98,202.52,1.644,0,0.1
64,Kiritimati,1.98,202.52,1.668,0,0.1
65,Kiritimati,1.98,202.52,1.717,0.2,0.1
66,Kiritimati,1.98,202.52,1.727,0,0.1
67,Kiritimati,1.98,202.52,1.734,0.1,0.1
68,Kiritimati,1.98,202.52,1.74,0.1,0.1
69,Kiritimati,1.98,202.52,1.773,0,0.1
70,Kiritimati,1.98,202.52,1.775,-0.1,0.1
71,Kiritimati,1.98,202.52,1.778,-0.1,0.1
72,Kiritimati,1.98,202.52,1.815,0.2,0.1
73,Kiritimati,1.98,202.52,1.832,-0.2,0.1
74,Kiritimati,1.98,202.52,1.836,0,0.1
75,Kiritimati,1.98,202.52,1.841,-0.1,0.1
76,Kiritimati,1.98,202.52,1.856,0,0.1
77,Kiritimati,1.98,202.52,1.868,0,0.1
78,Kiritimati,1.98,202.52,1.88,0,0.1
79,Kiritimati,1.98,202.52,1.88,0.1,0.1
80,Kiritimati,1.98,202.52,1.896,0,0.1
81,Kiritimati,1.98,202.52,1.898,-0.1,0.1
82,Kiritimati,1.98,202.52,1.919,0,0.1
83,Kiritimati,1.98,202.52,1.923,0,0.1
84,Kiritimati,1.98,202.52,1.945,0.1,0.1
85,Kiritimati,1.98,202.52,1.951,-0.1,0.1
86,Kiritimati,1.98,202.52,2.004,0.1,0.1
87,Kiritimati,1.98,202.52,2.19,0,0.1
88,Kiritimati,1.98,202.52,2.223,0,0.1
89,Kiritimati,1.98,202.52,2.351,-0.1,0.1
90,Kiritimati,1.98,202.52,2.486,0,0.1
91,Kiritimati,1.98,202.52,2.507,0,0.1
92,Kiritimati,1.98,202.52,2.531,-0.1,0.1
93,Kiritimati,1.98,202.52,2.612,-0.1,0.1
94,Kiritimati,1.98,202.52,2.624,0.1,0.1
95,Kiritimati,1.98,202.52,2.734,-0.1,0.1
96,Kiritimati,1.98,202.52,2.749,-0.1,0.1
97,Kiritimati,1.98,202.52,2.749,0.1,0.1
98,Kiritimati,1.98,202.52,2.794,-0.1,0.1
99,Kiritimati,1.98,202.52,2.803,0.1,0.1
100,Kiritimati,1.98,202.52,2.81,-0.1,0.1
101,Kiritimati,1.98,202.52,2.813,-0.1,0.1
102,Kiritimati,1.98,202.52,2.825,0.1,0.1
103,Kiritimati,1.98,202.52,2.837,-0.1,0.1
104,Kiritimati,1.98,202.52,2.936,-0.2,0.1
105,Kiritimati,1.98,202.52,2.985,0,0.1
106,Kiritimati,1.98,202.52,3,-0.2,0.1
107,Kiritimati,1.98,202.52,3.204,-0.1,0.1
108,Kiritimati,1.98,202.52,3.22,0,0.1
109,Kiritimati,1.98,202.52,3.329,0,0.1
110,Kiritimati,1.98,202.52,3.55,0.2,0.1
111,Kiritimati,1.98,202.52,3.55,0,0.1
112,Kiritimati,1.98,202.52,3.582,-0.1,0.1
113,Kiritimati,1.98,202.52,3.632,0.1,0.1
114,Kiritimati,1.98,202.52,3.685,-0.1,0.1
115,Kiritimati,1.98,202.52,3.704,-0.1,0.1
116,Kiritimati,1.98,202.52,3.797,0.3,0.1
117,Kiritimati,1.98,202.52,3.816,-0.2,0.1
118,Kiritimati,1.98,202.52,3.865,0.1,0.1
119,Kiritimati,1.98,202.52,3.878,-0.1,0.1
120,Kiritimati,1.98,202.52,3.908,-0.2,0.1
121,Kiritimati,1.98,202.52,3.925,0.1,0.1
122,Kiritimati,1.98,202.52,3.932,0.1,0.1
123,Kiritimati,1.98,202.52,4.131,-0.2,0.1
124,Kiritimati,1.98,202.52,4.138,0.2,0.1
125,Kiritimati,1.98,202.52,4.175,-0.2,0.1
126,Kiritimati,1.98,202.52,4.21,-0.1,0.1
127,Kiritimati,1.98,202.52,4.217,-0.1,0.1
128,Kiritimati,1.98,202.52,4.243,-0.1,0.1
129,Kiritimati,1.98,202.52,4.277,0.1,0.1
130,Kiritimati,1.98,202.52,4.303,0,0.1
131,Kiritimati,1.98,202.52,4.389,-0.1,0.1
132,Kiritimati,1.98,202.52,4.426,-0.1,0.1
133,Kiritimati,1.98,202.52,4.467,-0.1,0.1
134,Kiritimati,1.98,202.52,4.614,0,0.1
135,Kiritimati,1.98,202.52,4.676,0,0.1
136,Kiritimati,1.98,202.52,4.682,-0.1,0.1
137,Kiritimati,1.98,202.52,4.703,0.1,0.1
138,Kiritimati,1.98,202.52,4.712,0,0.1
139,Kiritimati,1.98,202.52,4.776,0.2,0.1
140,Kiritimati,1.98,202.52,5.137,0.2,0.1
141,Kiritimati,1.98,202.52,5.16,0,0.1
142,Kiritimati,1.98,202.52,5.255,0,0.1
143,Christchurch,-43.5,172.67,0.639,-0.5,1
144,Christchurch,-43.5,172.67,4.232,-0.5,1
145,Christchurch,-43.5,172.67,6.636,0.9,2
146,Christchurch,-43.5,172.67,7.027,-0.2,2.1
147,Christchurch,-43.5,172.67,7.462,-5.3,2.5
148,Christchurch,-43.5,172.67,7.619,-5.3,3.1
149,Christchurch,-43.5,172.67,8.24,-9.3,2.8
150,Christchurch,-43.5,172.67,8.261,-11.3,2.8
151,Christchurch,-43.5,172.67,8.364,-8.8,2.2
152,Christchurch,-43.5,172.67,8.385,-9.6,2.8
153,Christchurch,-43.5,172.67,8.572,-15.4,2.3
154,Christchurch,-43.5,172.67,8.729,-14.9,2.3
155,Christchurch,-43.5,172.67,8.855,-18.2,2.4
156,Christchurch,-43.5,172.67,8.95,-12.5,2.2
157,Christchurch,-43.5,172.67,9.111,-15.5,2.2
158,Christchurch,-43.5,172.67,9.219,-26.2,2.2
159,Christchurch,-43.5,172.67,9.362,-23.2,2.9
160,Christchurch,-43.5,172.67,9.495,-25.6,2.2
161,Christchurch,-43.5,172.67,10.259,-24.2,2.5
162,Christchurch,-43.5,172.67,10.538,-24.9,2
163,Christchurch,-43.5,172.67,10.695,-28.3,2.3
164,Christchurch,-43.5,172.67,11.151,-31.6,4.7
165,South Neck Beach,-43.29,147.33,1.275,-0.5,0.5
166,South Neck Beach,-43.29,147.33,2,-0.6,0.5
167,South Neck Beach,-43.29,147.33,2.726,-0.9,0.5
168,South Neck Beach,-43.29,147.33,4.094,-1.2,0.5
169,South Neck Beach,-43.02,147.33,4.279,-0.9,0.5
170,South Neck Beach,-43.29,147.33,6.235,-1.6,0.5
171,Port Melbourne,-37.75,144.97,9.461,-22,5
172,Batemans Bay ,-35.7,150.18,2.39,1.8,0.3
173,Batemans Bay ,-35.7,150.18,2.506,1.8,0.3
174,Batemans Bay ,-35.7,150.18,2.54,1.3,0.3
175,Batemans Bay ,-35.7,150.18,2.84,1.8,0.3
176,Batemans Bay ,-35.7,150.18,2.852,1.8,0.3
177,Batemans Bay ,-35.7,150.18,3.61,1,0.3
178,Moruya,-35.93,150.1,6.822,0.5,5
179,Moruya,-35.93,150.1,8.919,-17,5
180,Moruya,-35.93,150.1,10.039,-31,5
181,Moruya,-35.93,150.1,11.37,-45,5
182,Sydney Shelf,-33.72,151.75,20.4,-125,5
183,Ceduna,-32.11,133.65,1.255,-0.2,0.4
184,Ceduna,-32.11,133.65,1.306,0.4,0.4
185,Ceduna,-32.11,133.65,3.004,0.4,0.4
186,Ceduna,-32.11,133.65,3.491,0.4,0.4
187,Ceduna,-32.11,133.65,3.606,0.4,0.4
188,Ceduna,-32.11,133.65,5.177,-0.2,0.4
189,Ceduna,-32.11,133.65,5.502,-0.3,0.4
190,Ceduna,-32.11,133.65,6.131,-0.6,0.4
191,Ceduna,-32.11,133.65,6.93,-0.6,0.4
192,Port Lincoln,-34.7,135.94,2.056,-0.1,0.4
193,Port Lincoln,-34.7,135.94,2.177,0.9,0.4
194,Port Lincoln,-34.7,135.94,2.424,0.9,0.4
195,Port Lincoln,-34.7,135.94,2.473,0.6,0.4
196,Port Lincoln,-34.7,135.94,2.624,0.4,0.4
197,Port Lincoln,-34.7,135.94,2.801,0.4,0.4
198,Port Lincoln,-34.7,135.94,2.928,0.1,0.4
199,Port Lincoln,-34.7,135.94,3.017,0.4,0.4
200,Port Lincoln,-34.7,135.94,3.081,1,0.4
201,Port Lincoln,-34.7,135.94,3.26,0.3,0.4
202,Port Lincoln,-34.7,135.94,3.452,1.4,0.4
203,Port Lincoln,-34.7,135.94,3.862,0.7,0.4
204,Port Lincoln,-34.7,135.94,4.015,-0.1,0.4
205,Port Lincoln,-34.7,135.94,4.092,0.4,0.4
206,Port Lincoln,-34.7,135.94,4.396,1.4,0.4
207,Port Lincoln,-34.7,135.94,4.584,0.8,0.4
208,Port Lincoln,-34.7,135.94,5.213,0.7,0.4
209,Port Lincoln,-34.7,135.94,5.442,0.4,0.4
210,Port Lincoln,-33.73,136.93,1.996,1.6,0.6
211,Port Lincoln,-33.73,136.93,3.491,1.4,1.4
212,Port Lincoln,-33.73,136.93,3.939,2.1,0.6
213,Port Lincoln,-33.73,136.93,4.659,0.9,0.6
214,Port Lincoln,-33.73,136.93,5.994,1.2,0.6
215,Port Lincoln,-33.73,136.93,6.481,0.5,0.6
216,Redcliff Belperio,-32.69,137.87,1.245,0.7,0.6
217,Redcliff Belperio,-32.69,137.87,1.336,0.7,0.6
218,Redcliff Belperio,-32.69,137.87,1.386,0.7,0.6
219,Redcliff Belperio,-32.69,137.87,1.537,0.9,0.8
220,Redcliff Belperio,-32.69,137.87,1.64,0.7,0.3
221,Redcliff Belperio,-32.69,137.87,1.672,-0.1,0.2
222,Redcliff Belperio,-32.69,137.87,2.202,-0.6,0.5
223,Redcliff Belperio,-32.69,137.87,2.226,0.7,0.3
224,Redcliff Belperio,-32.69,137.87,2.699,1.2,0.4
225,Redcliff Belperio,-32.69,137.87,2.788,1.2,0.8
226,Redcliff Belperio,-32.69,137.87,3.503,0.6,0.3
227,Redcliff Belperio,-32.69,137.87,4.015,0.6,0.3
228,Redcliff Belperio,-32.69,137.87,5.936,2.5,0.7
229,Redcliff Belperio,-32.69,137.87,5.959,2.2,0.3
230,Redcliff Belperio,-32.69,137.87,6.525,2.3,0.5
231,Redcliff Belperio,-32.69,137.87,8.447,-4.2,0.8
232,Port Prie,-33.16,138.01,0.43,0,0.7
233,Port Prie,-33.16,138.01,0.484,-0.4,0.3
234,Port Prie,-33.16,138.01,0.923,-0.6,0.2
235,Port Prie,-33.16,138.01,1.066,0.9,0.2
236,Port Prie,-33.16,138.01,1.075,0.3,0.2
237,Port Prie,-33.16,138.01,1.215,1.2,1.4
238,Port Prie,-33.16,138.01,1.512,-0.6,0.3
239,Port Prie,-33.16,138.01,1.608,1.5,0.2
240,Port Prie,-33.16,138.01,1.704,1.2,0.2
241,Port Prie,-33.16,138.01,1.821,1.9,0.2
242,Port Prie,-33.16,138.01,2.08,0.9,0.2
243,Port Prie,-33.16,138.01,2.208,1.2,0.2
244,Port Prie,-33.16,138.01,2.318,1.1,0.2
245,Port Prie,-33.16,138.01,2.349,1.1,0.2
246,Port Prie,-33.16,138.01,2.731,0.8,0.2
247,Port Prie,-33.16,138.01,3.061,1.2,0.2
248,Port Prie,-33.16,138.01,3.273,-0.1,0.2
249,Port Prie,-33.16,138.01,3.548,1.1,0.2
250,Port Prie,-33.16,138.01,3.638,1.6,0.2
251,Port Prie,-33.16,138.01,3.913,1.4,0.2
252,Port Prie,-33.16,138.01,4.27,1.4,0.2
253,Port Prie,-33.16,138.01,4.377,1.4,0.2
254,Port Prie,-33.16,138.01,4.478,0.9,0.2
255,Port Prie,-33.16,138.01,4.572,1.3,0.2
256,Port Prie,-33.16,138.01,5.37,2.6,0.2
257,Port Prie,-33.16,138.01,5.472,2.3,0.2
258,Port Prie,-33.16,138.01,6.177,1.6,0.2
259,Port Prie,-33.16,138.01,6.43,1.1,0.2
260,Port Prie,-33.16,138.01,6.641,2.1,0.2
261,Port Prie,-33.16,138.01,6.984,2.1,0.2
262,Port Prie,-33.16,138.01,7.561,-0.4,0.3
263,Port Wakefield,-34.13,138.09,1.135,-0.4,0.5
264,Port Wakefield,-34.13,138.09,1.185,1.2,0.5
265,Port Wakefield,-34.13,138.09,1.972,-0.4,0.5
266,Port Wakefield,-34.13,138.09,2.449,0.7,0.5
267,Port Wakefield,-34.13,138.09,2.966,0.7,0.5
268,Port Wakefield,-34.13,138.09,3.145,0,0.5
269,Port Wakefield,-34.13,138.09,3.414,1.1,0.5
270,Port Wakefield,-34.13,138.09,3.606,1.3,0.5
271,Port Wakefield,-34.13,138.09,3.709,1.7,0.5
272,Port Wakefield,-34.13,138.09,3.862,0.1,0.5
273,Port Wakefield,-34.13,138.09,7.951,-3.1,0.5
274,Port Gawler,-34.64,138.46,0.825,1.1,0.5
275,Port Gawler,-34.64,138.46,2.288,-0.2,0.5
276,Port Gawler,-34.64,138.46,4.796,0.6,0.5
277,Port Gawler,-34.64,138.46,7.091,1.4,0.5
278,Port Gawler,-34.64,138.46,7.409,-1.2,0.2
279,Port Gawler,-34.64,138.46,7.556,0,0.5
280,Fisherman Bay,-33.43,137.88,1.456,0.3,0.3
281,Fisherman Bay,-33.43,137.88,1.772,1.1,0.4
282,Fisherman Bay,-33.43,137.88,2.008,1.3,0.4
283,Fisherman Bay,-33.43,137.88,2.104,1.3,0.4
284,Fisherman Bay,-33.43,137.88,2.473,1.5,0.5
285,Fisherman Bay,-33.43,137.88,3.004,0.9,0.5
286,Fisherman Bay,-33.43,137.88,3.273,0.9,0.6
287,Fisherman Bay,-33.43,137.88,3.465,1.6,0.6
288,Fisherman Bay,-33.43,137.88,4.054,1.4,0.7
289,Fisherman Bay,-33.43,137.88,4.219,3.8,0.7
290,Fisherman Bay,-33.43,137.88,4.497,3.1,0.8
291,Fisherman Bay,-33.43,137.88,4.821,3.8,0.8
292,Mambray Creek,-32.85,137.91,0.743,0.9,0.2
293,Mambray Creek,-32.85,137.91,1.056,0.2,0.3
294,Mambray Creek,-32.85,137.91,1.155,0.4,0.3
295,Mambray Creek,-32.85,137.91,1.821,0.6,0.4
296,Mambray Creek,-32.85,137.91,1.96,0.9,0.4
297,Red Cliff Burne,-32.7,137.8,1.772,0.3,0.4
298,Red Cliff Burne,-32.7,137.8,2.436,0.6,0.5
299,Red Cliff Burne,-32.7,137.8,4.345,1.8,0.8
300,Red Cliff Burne,-32.7,137.8,4.672,0.3,0.8
301,Red Cliff Burne,-32.7,137.8,4.957,0.5,0.9
302,Red Cliff Burne,-32.7,137.8,5.104,0.9,0.9
303,Wood Point,-33.33,137.86,0.369,0.4,0.2
304,Wood Point,-33.33,137.86,1.215,1.1,0.3
305,Wood Point,-33.33,137.86,1.588,1,0.3
306,Wood Point,-33.33,137.86,1.872,1.2,0.4
307,Wood Point,-33.33,137.86,2.263,1.4,0.4
308,Wood Point,-33.33,137.86,2.712,2.5,0.5
309,Wood Point,-33.33,137.86,3.952,1.3,0.7
310,Wood Point,-33.33,137.86,4.534,1.6,0.8
311,Wood Point,-33.33,137.86,5.561,2.5,0.9
312,Abrolhos,-28.68,113.83,1.058,0.5,2.1
313,Abrolhos,-28.68,113.83,2.335,0.7,2.1
314,Abrolhos,-28.68,113.83,3.226,0.7,2.1
315,Abrolhos,-28.68,113.83,3.831,0.8,2.1
316,Abrolhos,-28.68,113.83,3.867,1,2.1
317,Abrolhos,-28.68,113.83,5.825,1.5,2.1
318,Abrolhos,-28.68,113.83,6.323,0.8,2
319,Abrolhos,-28.68,113.83,6.832,1.6,2.1
320,Abrolhos,-28.68,113.83,6.919,1.4,2.1
321,Abrolhos,-28.68,113.83,6.309,0.2,0.5
322,Abrolhos,-28.68,113.83,6.714,-1.2,0.5
323,Abrolhos,-28.68,113.83,7.099,-2.3,1
324,Abrolhos,-28.68,113.83,7.842,-5,1
325,Abrolhos,-28.68,113.83,7.996,-10.7,1
326,Abrolhos,-28.68,113.83,8.119,-7.5,3
327,Abrolhos,-28.68,113.83,8.619,-14.2,3
328,Abrolhos,-28.68,113.83,8.99,-17.1,3
329,Abrolhos,-28.68,113.83,9.345,-19.8,3
330,Abrolhos,-28.68,113.83,9.61,-23.6,3
331,Abrolhos,-28.68,113.83,9.8,-24.4,3.1
332,Swan River,-31.95,115.85,9.24,-20,2.5
333,Bonaparte_3,-12.12,127.93,28.33,-118.3,7.8
334,Bonaparte_3,-12.12,127.93,29.58,-118.4,7.8
335,Bonaparte_3,-12.12,127.93,29.07,-118.6,7.8
336,Bonaparte_3,-12.12,127.93,29.98,-118.9,7.8
337,Bonaparte_4,-12.17,128,19.72,-112.8,5.4
338,Bonaparte_4,-12.17,128,21.69,-119.1,3.7
339,Bonaparte_4,-12.17,128,28.28,-117.4,4
340,Bonaparte_5,-12.18,128.02,16.98,-109.1,5.4
341,Bonaparte_5,-12.18,128.02,19.12,-117.3,2.9
342,Bonaparte_5,-12.18,128.02,19.74,-117.3,2.9
343,Bonaparte_5,-12.18,128.02,19.67,-117.3,2.9
344,Bonaparte_5,-12.18,128.02,20.48,-118.2,2.9
345,Bonaparte_Gb1,-11.92,124.48,21.98,-129,5
346,Bonaparte_V229,-11.96,123.84,20.52,-133,5
347,Grub Reef,-18.63,147.43,7.74,-2.8,1
348,Grub Reef,-18.63,147.43,7.97,-3.8,2
349,Grub Reef,-18.63,147.43,8.17,-4.5,2
350,Grub Reef,-18.63,147.43,8.4,-6.2,2
351,Grub Reef,-18.63,147.43,8.71,-8.7,2
352,Grub Reef,-18.63,147.43,9.18,-15.5,2
353,Grub Reef,-18.63,147.43,9.61,-27.7,4
354,Grub Reef,-18.63,147.43,12.29,-43.7,4
355,Inner-Cleveland Bay,-19.2,146.9,1.922,-0.3,3.7
356,Inner-Cleveland Bay,-19.2,146.9,2.64,0.6,3.9
357,Inner-Cleveland Bay,-19.2,146.9,6.621,1.7,3.9
358,Inner-Cleveland Bay,-19.2,146.9,7.175,1.7,3.8
359,Inner-Cleveland Bay,-19.2,146.9,8.203,-2.9,3.8
360,Inner-Cleveland Bay,-19.2,146.9,8.725,-5.6,4.3
361,Inner-Cleveland Bay,-19.2,146.9,9.025,-5.8,4.4
362,Inner-Cleveland Bay,-18.9,146.98,1.712,-0.6,4.4
363,Inner-Cleveland Bay,-18.9,146.98,4.308,0.9,3.9
364,Inner-Cleveland Bay,-18.9,146.98,8.964,-8.9,4.5
365,Fantome Island,-18.67,146.52,2.562,0.3,0.3
366,Fantome Island,-18.67,146.52,2.567,0.4,0.3
367,Fantome Island,-18.67,146.52,4.842,0.6,0.3
368,Fantome Island,-18.67,146.52,6.132,1,0.3
369,Fantome Island,-18.67,146.52,6.345,0.9,0.3
370,Great Palm Island,-18.72,146.6,5.061,0.9,0.3
371,Great Palm Island,-18.72,146.6,5.758,0.9,0.3
372,Great Palm Island,-18.72,146.6,6.321,0.8,0.3
373,Pioneer Bay,-18.6,146.48,2.541,0.2,0.3
374,Pioneer Bay,-18.6,146.48,2.588,0.3,0.2
375,Pioneer Bay,-18.6,146.48,3.168,0.4,0.3
376,Pioneer Bay,-18.6,146.48,3.875,0.5,0.2
377,Pioneer Bay,-18.6,146.48,3.177,0.3,0.2
378,Pioneer Bay,-18.6,146.48,3.947,0.5,0.2
379,Pioneer Bay,-18.6,146.48,4.812,0.6,0.3
380,Pioneer Bay,-18.6,146.48,5.459,0.5,0.2
381,Pioneer Bay,-18.6,146.48,5.601,0.9,0.3
382,Pioneer Bay,-18.6,146.48,5.85,0.6,0.2
383,Pioneer Bay,-18.6,146.48,5.889,0.8,0.2
384,Pioneer Bay,-18.6,146.48,5.896,0.7,0.2
385,Pioneer Bay,-18.6,146.48,5.994,1.1,0.2
386,Pioneer Bay,-18.6,146.48,6.074,1,0.2
387,Pioneer Bay,-18.6,146.48,6.086,0.9,0.2
388,Pioneer Bay,-18.6,146.48,6.113,0.6,0.2
389,Pioneer Bay,-18.6,146.48,6.147,1,0.2
390,Pioneer Bay,-18.6,146.48,6.17,0.7,0.2
391,Pioneer Bay,-18.6,146.48,6.222,1.3,0.2
392,Pioneer Bay,-18.6,146.48,6.242,1,0.2
393,Pioneer Bay,-18.6,146.48,6.305,0.8,0.2
394,Pioneer Bay,-18.6,146.48,6.427,0.9,0.2
395,Pioneer Bay,-18.6,146.48,6.476,0.9,0.2
396,Pioneer Bay,-18.6,146.48,6.488,0.8,0.2
397,Pioneer Bay,-18.6,146.48,6.538,0.8,0.2
398,Pioneer Bay,-18.6,146.48,6.582,0.8,0.2
399,Pioneer Bay,-18.6,146.48,6.625,0.6,0.2
400,Dunk Island,-17.94,146.14,5.316,0.4,0.3
401,Dunk Island,-17.94,146.14,6.094,0.7,0.3
402,Dunk Island,-17.94,146.14,6.136,0.3,0.3
403,Dunk Island,-17.94,146.14,6.523,0.9,0.3
404,Goold,-18.17,146.16,0.356,0.2,0.3
405,Goold,-18.17,146.16,3.193,0.6,0.3
406,Goold,-18.17,146.16,5.128,0.5,0.3
407,Goold,-18.17,146.16,5.412,0.7,0.3
408,Goold,-18.17,146.16,5.418,1,0.3
409,Goold,-18.17,146.16,5.973,0.9,0.3
410,Goold,-18.17,146.16,6.068,1.2,0.3
411,Goold,-18.17,146.16,6.703,1.3,0.3
412,Magnetic Island,-19.15,146.87,0.36,0.2,0.2
413,Magnetic Island,-19.15,146.87,3.26,0.6,0.3
414,Magnetic Island,-19.15,146.87,5.102,0.5,0.3
415,Magnetic Island,-19.15,146.87,5.268,0.4,0.3
416,Magnetic Island,-19.15,146.87,5.481,1,0.3
417,Magnetic Island,-19.15,146.87,5.498,0.7,0.3
418,Magnetic Island,-19.15,146.87,5.942,0.9,0.3
419,Magnetic Island,-19.15,146.87,6.034,0.7,0.3
420,Magnetic Island,-19.15,146.87,6.079,1.2,0.3
421,Magnetic Island,-19.15,146.87,6.103,0.3,0.3
422,Magnetic Island,-19.15,146.87,6.519,0.9,0.3
423,Magnetic Island,-19.15,146.87,6.663,1.3,0.3
424,Yule Point,-16.57,145.52,1.059,0.3,0.3
425,Yule Point,-16.57,145.52,1.193,0.6,0.3
426,Yule Point,-16.57,145.52,3.894,1,0.3
427,Yule Point,-16.57,145.52,5.072,1.2,0.3
428,Yule Point,-16.57,145.52,5.083,0.7,0.3
429,Camp Island,-19.87,147.88,1.156,0.5,0.3
430,Camp Island,-19.87,147.88,5.767,0.7,0.3
431,Camp Island,-19.87,147.88,6.646,0.9,0.3
432,Stone Island,-20.03,148.27,6.026,1.1,0.3
433,Stone Island,-20.03,148.27,6.046,0.6,0.3
434,Stone Island,-20.03,148.27,6.583,1,0.3
435,Stone Island,-20.03,148.27,6.741,1.1,0.3
436,King Island,-14.1,144.33,4.367,0.6,0.3
437,King Island,-14.1,144.33,4.386,0.4,0.3
438,King Island,-14.1,144.33,5.789,0.8,0.3
439,King Island,-14.1,144.33,5.85,0.8,0.3
440,Flinders Island,-14.18,144.26,6.38,0.2,0.3
441,Flinders Island,-14.18,144.26,6.447,0.3,0.3
442,Legatt Island,-14.55,144.67,5.067,0.8,0.3
443,Legatt Island,-14.55,144.67,5.597,0.6,0.3
444,Legatt Island,-14.55,144.67,6.028,0.9,0.3
445,Houghton,-14.52,144.97,4.274,0.6,0.3
446,Houghton,-14.52,144.97,5.251,1.2,0.3
447,Houghton,-14.52,144.97,5.889,0.8,0.3
448,Houghton,-14.52,144.97,6.558,1,0.3
449,Myall Reef,-16.08,145.5,5.146,0.1,0.3
450,Myall Reef,-16.08,145.5,5.683,0.5,0.3
451,Myall Reef,-16.08,145.5,6.489,0.3,0.3
452,Noble Island,-14.5,144.77,6.376,1,0.3
453,Noble Island,-14.5,144.77,6.602,0.8,0.3
454,Nymph Island,-14.65,145.25,3.348,1.2,0.3
455,Nymph Island,-14.65,145.25,3.393,1.4,0.3
456,Nymph Island,-14.65,145.25,5.458,1,0.3
457,Yam Island,-9.9,142.77,5.237,0.5,0.3
458,Yam Island,-9.9,142.77,6.12,0.5,0.3
459,Yam Island,-9.9,142.77,6.658,0.7,0.3
460,Yam Island,-9.9,142.77,6.701,0.3,0.3
461,Warraber Island,-10.21,142.82,5.334,1,0.3
462,Warraber Island,-10.21,142.82,5.936,0.8,0.3
463,Warraber Island,-10.21,142.82,6.063,0.7,0.3
464,Hammond Island,-10.56,142.18,6.91,1,0.3
465,Arafura Sill,-10.65,137.58,12.2,-53,3
466,Edward River,-18.75,147.27,3.324,0.7,0.5
467,Edward River,-18.75,147.27,5.691,1.1,0.5
468,Edward River,-18.75,147.27,5.924,1.2,0.5
469,Karumba,-17.42,140.83,0.868,0.4,0.5
470,Karumba,-17.42,140.83,1.947,0.6,0.5
471,Karumba,-17.42,140.83,3.196,1.4,0.5
472,Karumba,-17.42,140.83,4.472,1.9,0.5
473,Karumba,-17.42,140.83,6.38,2.3,0.5
474,Port Mcarthur,-15.78,136.67,5.808,1.2,0.6
475,Capricorn Channel,-22.88,152.51,16.8,-110,5
476,Huon Peninsula,-6.11,147.62,7.782,-4.2,5.4
477,Huon Peninsula,-6.11,147.62,8.163,-7.1,5.4
478,Huon Peninsula,-6.11,147.62,8.3,-8.3,5.4
479,Huon Peninsula,-6.11,147.62,8.465,-11.9,5.4
480,Huon Peninsula,-6.11,147.62,8.495,-14.9,5.4
481,Huon Peninsula,-6.11,147.62,8.516,-10.5,5.4
482,Huon Peninsula,-6.11,147.62,8.763,-13.8,5.4
483,Huon Peninsula,-6.11,147.62,9.132,-19.6,5.4
484,Huon Peninsula,-6.11,147.62,9.513,-21.5,5.4
485,Huon Peninsula,-6.11,147.62,9.561,-23.6,5.4
486,Huon Peninsula,-6.11,147.62,9.565,-26.9,5.4
487,Huon Peninsula,-6.11,147.62,9.843,-30.4,5.4
488,Huon Peninsula,-6.11,147.62,9.901,-28.1,5.4
489,Huon Peninsula,-6.11,147.62,9.95,-29.7,5.4
490,Huon Peninsula,-6.11,147.62,10.035,-33.2,5.4
491,Huon Peninsula,-6.11,147.62,10.199,-41.4,5.4
492,Huon Peninsula,-6.11,147.62,10.228,-32.7,5.4
493,Huon Peninsula,-6.11,147.62,10.325,-36.8,5.4
494,Huon Peninsula,-6.11,147.62,10.492,-38.5,5.4
495,Huon Peninsula,-6.11,147.62,10.504,-41,5.4
496,Huon Peninsula,-6.11,147.62,10.63,-40.1,5.4
497,Huon Peninsula,-6.11,147.62,10.776,-45.2,5.4
498,Huon Peninsula,-6.11,147.62,11.132,-47.4,5.4
499,Huon Peninsula,-6.11,147.62,11.406,-49.3,5.5
500,Huon Peninsula,-6.11,147.62,12.28,-53.8,5.5
501,Huon Peninsula,-6.11,147.62,12.628,-61.8,5.5
502,Huon Peninsula,-6.11,147.62,12.651,-54.3,5.5
503,Huon Peninsula,-6.11,147.62,12.998,-63.8,5.5
504,Huon Peninsula,-6.11,147.62,31.529,-70.3,3.5
505,Huon Peninsula,-6.11,147.62,31.997,-76.8,5.3
506,Huon Peninsula,-6.11,147.62,32.262,-70.6,5.5
507,Huon Peninsula,-6.11,147.62,32.6,-68.7,3.7
508,Huon Peninsula,-6.11,147.62,34.1,-63,3.9
509,Huon Peninsula,-6.11,147.62,34.8,-63.4,2.4
510,Sunda-18262-3,9.25,107.99,11.67,-56.5,3
511,Sunda-18262-3,9.25,107.99,12.97,-64.2,3
512,Sunda-18262-3,9.25,107.99,13.08,-64.4,3
513,Sunda-18265-2,9.39,107.75,10.902,-49.3,3
514,Sunda-18299-1,4.53,108.83,15.41,-104.8,3
515,Sunda-18300-2,4.36,108.65,14.35,-91.6,3
516,Sunda-18300-2,4.36,108.65,14.35,-95.3,3
517,Sunda-18300-2,4.36,108.65,14.72,-93.2,3
518,Sunda-18300-2,4.36,108.65,14.73,-95.3,3
519,Sunda-18300-2,4.36,108.65,14.75,-95.2,3
520,Sunda-18300-2,4.36,108.65,14.76,-95,3
521,Sunda-18300-2,4.36,108.65,15.29,-93.1,3
522,Sunda-18301-2,4.36,108.65,14.32,-95.8,3
523,Sunda-18301-2,4.36,108.65,14.34,-95.8,3
524,Sunda-18301-2,4.36,108.65,14.74,-96.3,3
525,Sunda-18302-2,4.16,108.58,14.1,-87.2,3
526,Sunda-18302-2,4.16,108.58,14.15,-87.9,3
527,Sunda-18302-2,4.16,108.58,14.31,-87.1,3
528,Sunda-18305-2,4.29,109.08,18.23,-110.7,3
529,Sunda-18305-2,4.29,109.08,18.84,-114.1,3
530,Sunda-18305-2,4.29,109.08,19.25,-114.1,3
531,Sunda-18307-2,3.63,108.53,16.295,-105.2,3
532,Sunda-18307-2,3.63,108.53,18.41,-109.3,3
533,Sunda-18308-2,3.3,108.79,14.28,-80.3,3
534,Sunda-18308-2,3.3,108.79,14.32,-80.3,3
535,Sunda-18309-2,3.47,108.69,14.34,-84.8,3
536,Sunda-18309-2,3.47,108.69,14.35,-84.8,3
537,Sunda-18310-2,3.54,108.54,15.94,-104.9,3
538,Sunda-18322-2,2.31,107.63,13.44,-70.7,3
539,LCK,1.45,103.72,1.787,-0.8,0.7
540,LCK,1.45,103.72,2.522,-0.4,0.7
541,LCK,1.45,103.72,7.777,-3.2,0.4
542,NIE,1.35,103.65,5.746,3.3,0.4
543,NIE,1.35,103.65,5.772,3.1,0.4
544,SBU,1.45,103.72,1.74,1,0.4
545,SBU,1.45,103.72,7.545,-1.1,0.7
546,SBU,1.45,103.72,7.554,-2.1,0.7
547,SBU,1.45,103.72,7.585,-1.6,0.7
548,SBU,1.45,103.72,7.923,-3.6,0.4
549,SEK,1.4,103.98,0.073,0.6,0.4
550,SEK,1.4,103.98,1.299,-0.4,0.4
551,SEK,1.4,103.98,4.51,1.7,0.4
552,SEK,1.4,103.98,4.612,1.7,0.4
553,GAM,1.38,104.28,6.87,0.3,0.4
554,Semakau,1.21,103.77,6.75,1.2,0.4
555,Semakau,1.21,103.77,6.91,1.4,0.4
556,Semakau,1.21,103.77,7.03,0.8,0.4
557,Semakau,1.21,103.77,7.045,1,0.4
558,Semakau,1.21,103.77,8.256,-9.6,1.2
559,Semakau,1.21,103.77,8.556,-10.4,1.2
560,Geylang,1.31,103.87,6.106,2.2,0.4
561,Geylang,1.31,103.87,6.41,1.2,0.7
562,Geylang,1.31,103.87,6.456,1.2,0.7
563,Geylang,1.31,103.87,6.705,0,0.6
564,Geylang,1.31,103.87,6.82,-0.6,0.4
565,Geylang,1.31,103.87,6.822,1.1,1.2
566,Geylang,1.31,103.87,7.025,-0.4,0.6
567,Geylang,1.31,103.87,7.043,0.1,0.4
568,Geylang,1.31,103.87,7.092,-1.9,0.6
569,Geylang,1.31,103.87,7.1,0.4,0.4
570,Geylang,1.31,103.87,7.12,-0.4,0.4
571,Geylang,1.31,103.87,7.175,0.2,0.4
572,Geylang,1.31,103.87,7.275,-2.5,0.6
573,Geylang,1.31,103.87,7.35,-3.5,0.6
574,Geylang,1.31,103.87,7.401,-2.7,0.4
575,Geylang,1.31,103.87,7.505,-2.2,0.4
576,Geylang,1.31,103.87,7.52,-3.2,0.4
577,Geylang,1.31,103.87,7.545,-2.1,0.4
578,Geylang,1.31,103.87,7.595,-2.2,0.4
579,Geylang,1.31,103.87,7.78,-3.6,0.6
580,Geylang,1.31,103.87,7.84,-4.1,0.4
581,Geylang,1.31,103.87,7.875,-2.1,0.4
582,Geylang,1.31,103.87,7.88,-2.9,0.6
583,Geylang,1.31,103.87,7.895,-3.7,0.4
584,Geylang,1.31,103.87,7.975,-3.3,0.4
585,Geylang,1.31,103.87,7.987,-5.2,0.6
586,Geylang,1.31,103.87,8,-2.5,0.6
587,Geylang,1.31,103.87,8.1,-5.2,0.6
588,Geylang,1.31,103.87,8.155,-4.2,0.4
589,Geylang,1.31,103.87,8.165,-5.1,0.4
590,Geylang,1.31,103.87,8.17,-6.9,0.7
591,Geylang,1.31,103.87,8.175,-7.4,0.6
592,Geylang,1.31,103.87,8.185,-3,0.4
593,Geylang,1.31,103.87,8.225,-5.4,0.6
594,Geylang,1.31,103.87,8.23,-3.7,0.4
595,Geylang,1.31,103.87,8.3,-6.8,0.7
596,Geylang,1.31,103.87,8.41,-5.4,0.6
597,Geylang,1.31,103.87,8.45,-7.3,0.6
598,Geylang,1.31,103.87,8.465,-8.1,0.6
599,Geylang,1.31,103.87,8.47,-8.6,0.4
600,Geylang,1.31,103.87,8.505,-6.8,0.7
601,Geylang,1.31,103.87,8.56,-8.6,0.4
602,Geylang,1.31,103.87,8.61,-8.1,0.6
603,Geylang,1.31,103.87,8.795,-8.8,0.7
604,Geylang,1.31,103.87,8.795,-8.8,0.7
605,Malay_1,3.15,101.45,4.53,2.6,1
606,Malay_2,3.15,101.47,4.618,2.3,1
607,Malay_3,2.98,101.5,6.024,2,0.9
608,Malay_3,2.98,101.5,6.096,2.1,0.9
609,Malay_3,2.98,101.5,6.101,3.2,1
610,Malay_3,2.98,101.5,6.346,2.9,1
611,Malay_6,3.72,103.27,4.436,1.7,0.9
612,Malay_7,2.52,101.77,0.979,-1.6,0.9
613,Malay_8,2.42,101.97,1.06,-1.5,0.9
614,Malay_15,2.32,102.08,6.821,0.3,0.9
615,Malay_16,1.53,103.47,7.14,0,0.6
616,Malay_16,1.53,103.47,7.516,0.2,0.6
617,Malay_18,2.37,102,7.865,-4.7,1
618,Malay_20,2.42,101.93,8.044,-5.9,1
619,Malay_22,2.42,101.93,8.262,-6.7,1.1
620,Malay_22,2.42,101.93,8.374,-8.4,1.2
621,Malay_23,2.2,102.3,8.915,-13.6,1.6
622,Malay_Hv7665,2.57,101.5,31.5,-66,5
623,Tioman,2.75,104.25,1.833,1.1,0.7
624,Tioman,2.75,104.25,2.445,1.6,0.7
625,Tioman,2.75,104.25,3.328,0.9,0.7
626,Tioman,2.75,104.25,4.647,1.7,0.7
627,Pattani,6.83,100.25,3.035,1.1,0.5
628,Satting_Pra,7.5,100.17,7.178,-1.4,0.5
629,Satting_Pra,7.5,100.17,7.493,-0.7,0.5
630,Pattalung,7.6,100.17,7.739,-4.7,0.5
631,TNTH,7.75,100.17,7.787,-4,0.9
632,TNTH,7.75,100.17,8.349,-6.7,0.9
633,TNTH,7.75,100.17,7.787,-4,0.6
634,TNTH,7.75,100.17,8.352,-6.7,0.6
635,Phuket,7.75,98.41,2.224,1.3,0.5
636,Phuket,7.75,98.41,2.483,1.5,0.5
637,Phuket,7.75,98.41,3.468,1.6,0.5
638,Phuket,7.75,98.41,3.582,1.5,0.5
639,Phuket,7.75,98.41,4.667,1.8,0.5
640,Phuket,7.75,98.41,4.674,1.8,0.5
641,Phuket,7.75,98.41,4.714,1.8,0.5
642,Phuket,7.75,98.41,5.559,1.8,0.5
643,Phuket,7.75,98.41,6.052,1.9,0.5
644,Phuket,7.75,98.41,6.673,2,0.5
645,Phuket,7.75,98.41,6.785,2,0.5
646,Prachuab,11.75,99.75,3.544,1.5,0.7
647,Prachuab,11.75,99.75,4.677,2,0.7
648,Ca_Na,11.33,108.84,2.057,2.7,0.6
649,Ca_Na,11.33,108.84,2.075,1.7,0.6
650,Ca_Na,11.33,108.84,3.555,1.2,0.6
651,Ca_Na,11.33,108.84,3.915,1.3,0.6
652,Ca_Na,11.33,108.84,4.11,1.8,0.6
653,Ca_Na,11.33,108.84,5.677,2.7,0.4
654,Ca_Na,11.33,108.84,5.711,2.4,0.6
655,Ca_Na,11.33,108.84,5.948,2.9,0.6
656,Ca_Na,11.33,108.84,6.032,3.3,0.7
657,Ca_Na,11.33,108.87,6.237,1.8,0.6
658,Ca_Na,11.33,108.87,6.409,1,0.3
659,Ca_Na,11.33,108.87,7.07,2.1,0.6
660,Dawuzhuang,39.71,117.49,7.625,-1.1,0.7
661,Biaokou,39.33,117.58,6.27,0,0.7
662,Yingcheng,39.2,117.78,1.65,-1.8,0.7
663,Beitang,39.11,117.72,1.445,-1,0.7
664,C05,39.59,120.8,10.197,-36.3,3.8
665,Qianmiaozhuang,39.45,117.84,5.325,0,1.5
666,Changzhuang,39.25,117.1,4.02,-0.4,1.5
667,Laolangtuozi,39.23,117.19,0.85,0,1.5
668,Laolangtuozi,39.23,117.19,1.245,0.6,1.5
669,Dongsuncun,39.02,117.44,7.16,0.9,1.5
670,Qikou,38.72,117.57,2.525,0.9,1.5
671,Mapengkou,38.71,117.54,2.095,-1.3,1.5
672,Mapengkou,38.71,117.54,2.49,0.1,1.5
673,S3,38.02,118.85,9.834,-20.4,2
674,H9602,37.8,118.91,9.538,-18.8,1.8
675,H9602,37.8,118.91,9.724,-18.4,1.8
676,DH4-1,37.02,126.47,7.609,-2.7,3
677,H80-18,37,123.52,12.732,-71.9,7.8
678,YSDP103,34.48,125.48,14.182,-77.3,8.4
679,QC2,34.3,122.27,12.638,-66.1,6.7
680,QC2,34.3,122.27,13.305,-68.5,6.9
681,CC-04,36.3,124.5,15.135,-86.5,8.6
682,JS_QF,33.52,119.72,1.181,-0.2,0.6
683,JS_QF,33.52,119.72,2.529,-0.7,0.6
684,JS_QF,33.52,119.72,6.115,1.3,1.5
685,JS_QF,33.52,119.72,7.413,0.6,1.5
686,JS_QF,33.52,119.72,8.539,-3.5,0.6
687,JS_YC,33.38,120.12,6.42,1.1,1.5
688,JS_YC,33.38,120.12,7.689,0.2,1.5
689,JS_YC,33.38,120.12,7.854,-0.9,1.5
690,JS_FN,33.78,119.8,7.182,0.2,1.5
691,JS_FN,33.78,119.8,7.329,0.6,1.5
692,JS_FN,33.78,119.8,7.578,2.1,0.5
693,Yancheng,33.38,120.12,7.669,-3.6,1
694,Wenzhou,28.05,120.67,3.35,-0.4,0.5
695,Wenzhou,28.05,120.67,9.471,-19.5,1.9
696,KS-5,33.69,127.19,15.857,-101.2,10.4
697,KS-3,33.54,127,24.038,-136.4,13.7
698,YZ_ECS0702,31,122.67,11.95,-56.3,5.8
699,YZ_ECS0702,31,122.67,12.231,-53.4,5.5
700,Pingtan,25.52,119.73,3.761,1.4,1.1
701,Pingtan2,25.52,119.78,5.991,-1.1,1
702,Putian,25.2,119.45,4.49,2.2,1.2
703,Liyu Outian,25.1,119.05,1.52,0.7,1
704,Sea_floor,24.67,118.87,9.444,-25.6,2.7
705,Dongshan,23.6,117.3,4.608,2.9,1.1
706,Zhangpu,24.07,117.63,1.907,1.4,1
707,Zhangpu,24.07,117.63,2.746,1.2,1
708,Longhai,24.4,117.85,1.821,0.3,1.1
709,Longhai,24.4,117.85,1.936,1,0.9
710,Longhai,24.4,117.85,2.349,2.4,1.1
711,Longhai,24.4,117.85,3.369,1.4,1.8
712,Longhai,24.4,117.85,3.624,1.5,1.8
713,Longhai,24.4,117.85,4.147,2.3,1.1
714,Longhai,24.4,117.85,4.851,2.2,1
715,Han14,23.53,119.53,3.757,-0.6,0.4
716,Fengkuei,23.53,119.53,1.852,1.3,1
717,Chihkan,23.67,119.58,1.881,1.3,1
718,Chihkan,23.67,119.58,5.11,2,1
719,Lintou,23.55,119.63,3.949,1.9,1
720,Lintou,23.55,119.63,5.468,1.9,1
721,Kupoyu,23.72,119.55,0.79,1.2,1
722,Sokang,23.53,119.6,1.714,1.1,1
723,Chinglo,23.6,119.65,4.749,1.9,1
724,Tashihpi,23.6,119.58,1.97,1.1,1
725,Paikeng,23.63,119.65,5.135,2.2,1
726,KWG-307,23.42,117.02,1.942,0.7,1.1
727,KWG-327,23.42,117.02,2.349,2.1,1.1
728,CG-442,23.42,117.02,2.394,1.8,1.1
729,CG-444,23.42,117.02,2.905,0.7,0.3
730,CG-446,23.42,117.02,3.941,0.7,1.1
731,KWG-328,23.42,117.02,5.502,1.3,1.1
732,KWG-557,22.77,115.37,1.294,0.7,0.5
733,CG-459,22.77,115.37,3.226,1.2,1.1
734,KWG-308,22.97,116.23,3.541,-0.5,0.3
735,KWG-310,22.97,116.23,3.564,2.2,1.1
736,CG-unknown,22.58,114.92,1.762,0.7,0.4
737,KWG-556,22.58,114.9,2.422,1.5,0.3
738,KWG-145,22.58,114.9,4.421,0.2,1
739,Dapeng Shenzhen,22.45,114.5,2.149,0.8,0.3
740,Dapeng Shenzhen,22.45,114.5,3.609,-0.3,1.6
741,Dapeng Shenzhen,22.45,114.5,4.866,-1.9,1.6
742,HN01,18.72,109.3,0.912,-1,1
743,HN01,18.72,109.3,1.119,0.2,0.5
744,HN01,18.72,109.3,5.059,0,1
745,HN01,18.72,109.3,6.835,-1,1
746,HN02,20.03,110.33,1.504,0.5,1.5
747,HN03,21.83,112,1.566,0.2,1
748,HN04,19.62,110.73,1.808,0,1
749,HN04,19.62,110.73,1.944,0,1
750,HN04,19.62,110.73,2.07,0,1
751,HN04,19.62,110.73,2.214,0,1
752,HN04,19.62,110.73,3.01,0.7,1
753,HN05,21.45,110.78,2.028,1,1
754,HN05,21.45,110.78,6.281,-2,1
755,HN06,18.28,109.45,2.461,-0.5,1
756,HN06,18.28,109.45,3.701,1,0.5
757,HN06,18.28,109.45,4.198,1,1
758,HN06,18.28,109.45,4.264,1.3,1
759,HN06,18.28,109.45,4.527,1,1
760,HN06,18.28,109.45,4.652,-0.4,1
761,HN06,18.28,109.45,4.948,1,1
762,HN06,18.28,109.45,5.43,-0.5,1
763,HN06,18.28,109.45,5.707,0.3,1
764,HN06,18.28,109.45,5.761,-0.3,1
765,HN06,18.28,109.45,5.952,0,1
766,HN06,18.28,109.45,6.272,-0.4,1
767,HN06,18.28,109.45,6.497,-0.3,1.5
768,HN06,18.28,109.45,7.286,-0.7,1
769,HN09,19.73,110,3.348,0.5,0.5
770,HN10,19.52,109.57,3.512,1,0.5
771,HN10,19.52,109.57,5.096,0,1
772,HN11,19.9,109.67,3.485,0.5,1
773,HN12,21.18,110.38,4.403,-0.5,0.5
774,HN13,18.23,109.5,1.289,0,0.5
775,HN13,18.23,109.5,2.879,0.3,1
776,HN13,18.23,109.5,3.955,1,1
777,HN13,18.23,109.5,4.121,0,1
778,HN13,18.23,109.5,4.279,0,1
779,HN13,18.23,109.5,4.505,0.2,1
780,HN14,18.8,110.43,6.486,-0.6,0.5
781,HN15,20,110.35,7.646,-4.5,3
782,HN16,19.13,108.68,7.958,-6,3
783,HN06,18.28,109.45,8.113,-6.4,1.5
784,Bengal Fan,20.61,89.79,24.476,-133,3
785,Bengal Fan,20.61,89.79,29.213,-133,3
786,Bengal Fan,20.66,89.81,19.459,-128,3
787,Bengal Fan,20.69,89.78,21.922,-125,3
788,Bengal Fan,20.69,89.78,23.788,-125,3
789,Rameswaran Island,9.3,79.17,6.051,1.4,0.4
790,Rameswaran Island,9.3,79.17,6.165,1.2,0.4
791,Rameswaran Island,9.3,79.17,6.492,1.4,0.4
792,Rameswaran Island,9.3,79.17,7.048,1.4,0.4
793,Rameswaran Island,9.3,79.17,7.304,1,0.4
794,Zone_A_Akurala,6.13,80.06,5.334,0.9,0.5
795,Zone_A_Akurala,6.13,80.06,5.632,0.9,0.5
796,Zone_A_Akurala,6.13,80.06,6.2,1,0.5
797,Zone_A_Akurala,6.13,80.06,6.358,1,0.5
798,Zone_A_Akurala,6.13,80.06,6.569,0.5,0.5
799,Zone_B_Dadalla,6.04,80.18,5.454,0.6,0.5
800,Zone_B_Dadalla,6.04,80.18,5.785,0.5,0.5
801,Zone_C_Mihiripenna,6.01,80.26,5.738,0.8,0.5
802,Zone_D_Aranwala,5.97,80.38,5.855,0.7,0.5
803,Zone_E_Pallikkudawa,6.02,80.79,5.773,1.1,0.5
804,Zone_E_Pallikkudawa,6.02,80.79,5.936,0.8,0.5
805,Maldives Rasdhoo,4.3,72.98,0.445,0.7,1.5
806,Maldives Rasdhoo,4.3,72.98,1.47,-0.9,1.5
807,Maldives Rasdhoo,4.3,72.98,1.78,0.8,1.5
808,Maldives Rasdhoo,4.3,72.98,3.475,0.1,1.5
809,Maldives Rasdhoo,4.3,72.98,3.815,-1.4,1.5
810,Maldives Rasdhoo,4.3,72.98,4.115,-2.7,1.5
811,Maldives Rasdhoo,4.3,72.98,4.595,0.3,1.5
812,Maldives Rasdhoo,4.3,72.98,6.125,-0.4,1.5
813,Maldives Rasdhoo,4.3,72.98,6.45,-1.2,1.5
814,Maldives Rasdhoo,4.3,72.98,7.03,-0.4,3
815,Maldives Rasdhoo,4.3,72.98,7.205,-0.9,3
816,Maldives Rasdhoo,4.3,72.98,7.28,-2.4,3
817,Maldives Rasdhoo,4.3,72.98,7.295,-3.4,3
818,Maldives Rasdhoo,4.3,72.98,7.52,-1.9,3
819,Maldives Rasdhoo,4.3,72.98,7.68,-6.4,3
820,Maldives Rasdhoo,4.3,72.98,7.7,-7.9,3
821,Maldives Rasdhoo,4.3,72.98,7.725,-4.9,3
822,Maldives Rasdhoo,4.3,72.98,7.725,-4.9,3
823,Maldives Rasdhoo,4.3,72.98,8.05,-10.9,3
824,Maldives Rasdhoo,4.3,72.98,8.06,-9.4,3
825,Maldives Rasdhoo,4.3,72.98,8.11,-8.4,3
826,Maldives Rasdhoo,4.3,72.98,8.125,-11.7,3
827,Maldives Rasdhoo,4.3,72.98,8.235,-14.2,3
828,Maldives Rasdhoo,4.3,72.98,8.29,-17.7,3
829,Maldives Rasdhoo,4.3,72.98,8.4,-14.7,3
830,Maldives Rasdhoo,4.3,72.98,8.405,-17.7,3
831,Maldives Rasdhoo,4.3,72.98,8.555,-16.9,3
832,Maldives Rasdhoo,4.3,72.98,21,-125,5
833,Maldives Maalhosmadulu,5.27,73.03,2.095,0.5,0.3
834,Maldives Maalhosmadulu,5.27,73.03,2.104,0.5,0.3
835,Maldives Maalhosmadulu,5.27,73.03,3.445,0.3,0.3
836,Maldives Maalhosmadulu,5.27,73.03,3.93,0.9,1.5
837,Maldives Maalhosmadulu,5.27,73.03,4.368,0.7,1.5
838,Maldives Maalhosmadulu,5.27,73.03,4.6,1.3,1.5
839,Maldives Maalhosmadulu,5.27,73.03,5.026,0.9,1.5
840,Maldives Maalhosmadulu,5.27,73.03,6.06,-0.4,1.5
841,Maldives Maalhosmadulu,5.27,73.03,6.328,-0.8,1.5
842,Maldives Maalhosmadulu,5.27,73.03,6.44,-0.1,1.5
843,Maldives Maalhosmadulu,5.27,73.03,6.589,-1.6,1.5
844,Maldives Maalhosmadulu,5.27,73.03,6.918,-1.5,3
845,Maldives Maalhosmadulu,5.27,73.03,6.935,-1.2,3
846,Maldives Maalhosmadulu,5.27,73.03,6.973,-0.6,3
847,Maldives Maalhosmadulu,5.27,73.03,7.138,-1.6,3
848,Maldives Maalhosmadulu,5.27,73.03,7.231,-2.6,3
849,Maldives Maalhosmadulu,5.27,73.03,7.244,-1.7,3
850,Maldives Maalhosmadulu,5.27,73.03,7.266,-2.5,3
851,Maldives Maalhosmadulu,5.27,73.03,7.28,-3.3,3
852,Maldives Maalhosmadulu,5.27,73.03,7.424,-3.1,3
853,Maldives Maalhosmadulu,5.27,73.03,7.424,-4.5,3
854,Maldives Maalhosmadulu,5.27,73.03,7.441,-4.3,3
855,Maldives Maalhosmadulu,5.27,73.03,7.793,-7.5,3
856,Maldives Maalhosmadulu,5.27,73.03,8.071,-8.6,3
857,Maldives Maalhosmadulu,5.27,73.03,8.097,-9.6,3
858,Maldives Maalhosmadulu,5.27,73.03,8.136,-10.3,3
859,Maldives Feydhoo,-0.69,73.14,2.826,0.5,0.4
860,Cocos Pulu,-12.14,96.92,1.9,0.4,0.3
861,Cocos Pulu,-12.14,96.92,3.132,1,0.3
862,Cocos West Island,-12.18,96.82,0.916,0.2,0.2
863,Cocos West Island,-12.18,96.82,2.611,0.5,0.2
864,Cocos West Island,-12.18,96.82,2.801,0.5,0.2
865,Cocos West Island,-12.18,96.82,2.826,0.5,0.2
866,Cocos West Island,-12.18,96.82,2.851,0.5,0.2
867,Cocos West Island,-12.18,96.82,3.17,0.4,0.2
868,Cocos West Island,-12.18,96.82,3.221,0.5,0.2
869,Cocos West Island,-12.18,96.82,3.439,0.6,0.3
870,Cocos West Island,-12.18,96.82,3.503,0.7,0.3
871,Cocos South Island,-12.2,96.91,3.913,0.2,0.3
872,Reunion,-21.08,55.23,0.8,2.4,2.5
873,Reunion,-21.08,55.23,2.9,0.5,2.5
874,Reunion,-21.08,55.23,6.9,-7.9,2.5
875,Reunion,-21.08,55.23,7.4,-10.1,2.5
876,Reunion,-21.08,55.23,8,-11.1,2.5
877,Seychelles,-4.68,55.52,3.74,0.7,2.5
878,Seychelles,-4.68,55.52,4.11,-1.7,2.5
879,Seychelles,-4.68,55.52,4.289,-1.9,2.5
880,Seychelles,-4.68,55.52,4.685,1.4,2.5
881,Seychelles,-4.68,55.52,7.2,-7.8,2.5
882,Seychelles,-4.68,55.52,8.2,-6.7,2.5
883,Mayotte,-12.8,45.27,9.17,-28.8,0.5
884,Mayotte,-12.8,45.27,9.64,-34.7,2
885,Mayotte,-12.8,45.27,9.725,-34.7,2
886,Mayotte,-12.8,45.27,11.08,-58.5,1
887,Mayotte,-12.8,45.27,11.375,-60,0.5
888,Mayotte,-12.8,45.27,11.405,-59.3,0.5
889,Mayotte,-12.8,45.27,11.635,-60.5,0.5
890,Mayotte,-12.8,45.27,12.035,-61.5,0.5
891,Mayotte,-12.8,45.27,1.5,2.2,2.5
892,Mayotte,-12.8,45.27,2.66,-2.2,0.5
893,Mayotte,-12.8,45.27,3.7,0.1,2.5
894,Mayotte,-12.8,45.27,6.95,-6.8,0.5
895,Mayotte,-12.8,45.27,7.2,-3.8,2.5
896,Mayotte,-12.8,45.27,7.305,-9,1
897,Mayotte,-12.8,45.27,7.965,-9,1
898,Mayotte,-12.8,45.27,8.2,-5.9,2.5
899,Mayotte,-12.8,45.27,8.2,-8.1,2.5
900,Mayotte,-12.8,45.27,8.6,-13.2,2.5
901,Mayotte,-12.8,45.27,9.11,-18.5,2.5
902,Mayotte,-12.8,45.27,16.9,-123,3
903,Mayotte,-12.8,45.27,17.1,-123,3
904,Mayotte,-12.8,45.27,18.2,-123,3
905,Natal,-28.47,32.4,8.993,-18,2
906,Natal,-28.47,32.4,9.068,-18,2
907,Natal,-28.47,32.4,9.219,-18,2
908,Natal,-28.47,32.4,9.373,-29,3
909,Natal,-28.47,32.4,9.849,-28,3
910,Natal,-28.47,32.4,9.979,-28,3
911,Natal,-28.47,32.4,10.793,-44,3
912,Natal,-28.47,32.4,10.904,-36,3
913,Natal,-28.47,32.4,11.581,-48,3
914,Cape St Francis,-34.19,24.83,17.078,-102,10
915,Cape St Francis,-34.19,24.83,20.042,-110,10
916,Barbados,13.04,300.45,0.726,1.2,2.7
917,Barbados,13.04,300.45,8.934,-22.9,2.8
918,Barbados,13.04,300.45,8.936,-22.2,2.8
919,Barbados,13.04,300.45,9.155,-26.1,2.8
920,Barbados,13.04,300.45,9.618,-30.9,2.9
921,Barbados,13.04,300.45,9.922,-31.2,2.9
922,Barbados,13.04,300.45,9.93,-19.5,2.9
923,Barbados,13.04,300.45,10.571,-39,2.9
924,Barbados,13.04,300.45,10.808,-40.4,2.9
925,Barbados,13.04,300.45,11.078,-42.1,2.9
926,Barbados,13.04,300.45,11.391,-55.9,2.9
927,Barbados,13.04,300.45,11.392,-54.5,2.9
928,Barbados,13.04,300.45,11.511,-56.2,2.9
929,Barbados,13.04,300.45,11.512,-55.8,2.9
930,Barbados,13.04,300.45,12.002,-59.1,3
931,Barbados,13.04,300.45,12.17,-59.5,3
932,Barbados,13.04,300.45,12.203,-59.4,3
933,Barbados,13.04,300.45,12.798,-62.4,3
934,Barbados,13.04,300.45,12.844,-64.3,3
935,Barbados,13.04,300.45,12.993,-65.8,3
936,Barbados,13.04,300.45,13.088,-67.4,3
937,Barbados,13.04,300.45,13.179,-67.9,3
938,Barbados,13.04,300.45,13.555,-71.3,3
939,Barbados,13.04,300.45,13.574,-71.6,3
940,Barbados,13.04,300.45,13.578,-71.8,3
941,Barbados,13.04,300.45,13.632,-72.1,3
942,Barbados,13.04,300.45,14.082,-91,3
943,Barbados,13.04,300.45,14.255,-93.2,3.1
944,Barbados,13.04,300.45,14.295,-92,3.1
945,Barbados,13.04,300.45,14.396,-95.1,3.1
946,Barbados,13.04,300.45,14.408,-95,3.1
947,Barbados,13.04,300.45,14.539,-96.5,3.1
948,Barbados,13.04,300.45,14.573,-93.9,3.1
949,Barbados,13.04,300.45,17.58,-109.6,3.3
950,Barbados,13.04,300.45,18.116,-109,3.3
951,Barbados,13.04,300.45,18.174,-109.7,3.3
952,Barbados,13.04,300.45,18.176,-109.9,3.3
953,Barbados,13.04,300.45,18.218,-109.8,3.3
954,Barbados,13.04,300.45,18.408,-105.6,3.3
955,Barbados,13.04,300.45,18.448,-109.9,3.3
956,Barbados,13.04,300.45,18.549,-110.9,3.3
957,Barbados,13.04,300.45,18.716,-113.1,3.3
958,Barbados,13.04,300.45,18.746,-111.4,3.3
959,Barbados,13.04,300.45,18.783,-111.6,3.3
960,Barbados,13.04,300.45,18.806,-113.3,3.3
961,Barbados,13.04,300.45,19.075,-118,3.3
962,Barbados,13.04,300.45,19.392,-106,3.3
963,Barbados,13.04,300.45,19.518,-107.5,3.3
964,Barbados,13.04,300.45,19.708,-108,3.3
965,Barbados,13.04,300.45,30.147,-85.6,4.1
966,Barbados,13.04,300.45,30.225,-86,4.1
967,Barbados,13.04,300.45,30.242,-86.6,4.1
968,Barbados,13.04,300.45,30.298,-86.6,4.2